soc,battery_temp,speed,ac_on,distance_travelled,energy_consumed,remaining_range
46.835910102025814,43.767857660247905,88.55951534491241,0,61.70076500491626,7.703274441281029,86.31148190677024
43.365231946816856,23.57167044804852,82.07107783590823,0,97.14143595538945,10.348832632957684,92.07683870777419
33.04882440765347,24.545624180177516,44.6723607882747,1,63.107050246386684,3.3083739216370036,82.2631597599553
48.988182595796715,21.166641580340386,107.90044150731673,0,48.32664850061841,6.867797686498234,93.90313476996336
31.972271483460577,32.85586096034029,77.39316550896339,0,86.69433863995046,8.997127668315422,66.97326226349261
95.08714923321249,34.08220544613848,60.83332020319329,1,14.278850830606467,1.2732339156586396,200.8360713333903
52.41296196786611,23.05095587111947,69.61415280890162,0,21.469642083238348,1.7886270358075556,125.73131158474789
51.1382493317558,25.19854157170472,75.41602622559932,0,97.11053963763307,9.290435099615118,115.34409446543836
94.85741003295607,42.37068376069122,77.83199830488681,1,36.02137303655436,4.324730648470093,175.2601144933275
86.78537713764287,38.68300275343452,73.17537059112638,1,38.89156603589098,4.009255095261344,166.40761295978257
61.12916706845112,23.523105624369066,94.17575846032318,0,6.485458640413423,0.7323580872881996,121.70503374622828
16.19678493078218,24.97106010222013,86.907356219892,0,78.27068293516484,7.469524731640938,31.90444525247745
45.46958692626317,22.896726488128245,99.04827407004748,1,47.69781404312932,5.74571827395755,94.26743570578397
71.60340031248721,34.782444692693176,51.977743439205135,0,49.860417890385186,3.1544329916989042,163.9144020148276
75.62580691395458,39.019626215422434,74.9021758055597,0,29.326490662325778,2.729246189058869,151.7559567439369
52.34360265859046,25.042980058384906,101.66108765388155,0,34.86381820225103,4.2622740458607735,110.81357872976389
92.1431502837179,26.232305728721872,62.830633842850375,0,24.290816349803094,2.018229605346705,232.641870775734
89.8397663162969,35.608851203344834,53.65069486701712,0,87.78875606783318,6.631198584723986,213.50683429609037
30.858455005313047,42.313974962249446,73.14737935325206,1,16.598355696563967,1.792891053846133,56.01086553948811
70.0536602460158,20.013009424882895,58.20550850673352,0,5.660452400463117,0.41597234692125484,170.55762936433635
50.47993526764621,25.552695261768257,39.589229386694626,1,28.191924613538546,1.3579644820814019,130.22688926391433
49.32607453993347,21.62230617772454,50.313233114747575,1,28.919318103409594,1.9483324229684997,108.49863347492347
40.57465633442542,27.12101235943669,32.95095578836262,0,97.77842080410203,3.8780249218631933,113.61518491802106
68.91986429961592,37.01763628886917,72.47476666537091,1,98.63679314050707,9.842689456536556,133.22823735284155
72.13152152949968,39.04049038321794,49.01100351939198,0,81.29827685609011,5.420357255608932,166.6314466578343
84.39670922364763,39.95862812461378,42.057403517234356,0,22.719258487986153,1.1970696511526944,201.76842582016826
65.22590017100056,36.93910904605706,31.32702631422849,0,81.90259938327296,3.34219828921688,170.8478010517225
86.20535900212288,36.89225292598202,88.81728953926176,1,92.84589373646347,12.860642830480097,144.47243723838417
36.925038355788224,36.499601150854474,95.37777601609727,0,54.080409670746356,6.571345756714459,75.8576264899623
31.040104209017247,26.971783814804546,86.02862639782171,1,90.22547469549482,11.052006229045151,63.454378307047676
81.28942139789802,36.0507911538572,36.731197199603905,1,79.60736185582464,4.350613619902943,181.31067710166323
94.91134260891117,44.34159591888293,52.713677978997254,1,57.129709989825685,4.836576867525015,196.55548537391303
70.41670705772104,25.606732736513994,86.97433770780287,0,51.91990294242629,5.101523345593739,161.7782947757135
76.27989356143098,27.701519796309732,73.40321844439194,0,39.93300129064618,3.4428374281511323,170.87052285154743
35.73911968722211,44.32526386881114,61.44781797334083,1,91.07938483326264,8.541375421963215,75.35804246116854
71.85854507136347,41.60418912679758,48.41482145932442,1,31.6733744318813,2.0968856480495512,144.26456540848932
69.86514515210926,24.427766985176223,105.23668674823314,0,31.558232470692065,4.31552271816958,145.9196076447095
63.644859879521256,44.50828959290114,36.02770048049025,0,41.5842842171829,2.2994347472267886,140.57470225493708
41.9383704382836,24.237318667152312,74.544100996668,0,85.20024836899958,8.340004323469694,91.57409262402084
36.6039101709278,27.382264710473468,55.80406113908804,1,71.21649539455046,5.486771741879667,91.39503953578897
45.55674785367919,27.339796106612333,94.74889243828109,0,29.339659641473517,3.490073174010372,89.5712183899779
21.029977944993853,29.91959568034721,34.06148248315176,0,37.1095399008959,1.551827757761228,59.646347918224095
22.988464886473864,34.45700352490435,32.87538190373937,0,19.7289535891357,0.9340197943342667,61.042665598613425
36.27136564384845,20.97086836073558,54.261241173857826,0,17.070748701929055,1.1614653349712276,90.31985911765584
80.44945201338192,25.39552568742108,79.83123806552003,1,84.99219212613824,8.2885678258119,177.8053927178455
26.760012855513114,23.318635556074245,107.56294936913272,1,35.68086492941837,5.356186293547624,45.974155321543634
38.02074135727631,30.9742855176409,36.276510507381275,0,22.511699061480154,0.9514670802032802,110.02278414245914
19.946455618217705,42.88034319066201,65.38817837848836,1,57.17653314708144,5.956814923735642,34.80189895657968
71.11677702100715,26.99834742364857,106.38922245305552,0,67.42557620751585,8.667084854700677,136.85263043069781
25.213995063479587,28.54699166791004,37.34392526507535,0,8.869236220302163,0.44081030846112373,69.3824712946549
74.81091804730201,31.85434572718313,37.82673285208012,1,81.65673281982404,4.1459942954432965,191.76253387081678
19.085008556747866,43.72864328978465,100.93443098384381,1,40.588198389514766,6.462437397836477,28.647503556594202
57.76658197930745,41.41224602970806,82.6954905295156,1,63.50586061704181,8.626582269554659,109.52561107745714
72.55930910255344,34.33417604179833,40.28002825871282,0,56.83359498501382,3.268721333774672,185.7633049298624
47.81872421306581,44.029764095597855,102.4280513564851,1,31.026307095507708,4.622569154586453,75.271710182686
67.55158016872089,28.413855372218162,82.45781083045938,0,85.26315454209818,7.8928866535462054,146.97005287014025
84.22982102005955,27.046369369334997,39.4531862097325,0,38.09197742305375,2.0010393426208513,228.28096553854311
97.24434687922104,33.69929708120218,63.877675384649486,1,81.64930023039008,8.068180498419116,200.8035307169282
50.07250253747125,29.30045214481958,92.11303685935975,1,87.3760776849236,11.014011810950285,100.21205794887466
77.89224463802684,25.955903810099485,60.21831089410359,0,52.998975382546426,4.118864161345842,187.13066808026622
42.204216087602,42.388080712405014,61.13613429873305,1,96.06144220390384,9.554938289884737,84.73628226762312
72.52544187606578,32.06302374106606,69.4420526217444,1,47.60232458794038,4.396952151735498,149.43793612352985
42.936486356442856,36.81296140192596,90.1899623550144,0,79.22312479476425,8.845874191304306,85.5567617362009
74.99567612968903,44.21629859935337,85.04240081400313,1,63.7307160150448,7.705818111130066,138.48024919900564
22.149078519774783,37.524228286478,35.821040509135486,1,89.73020633379377,4.3560578863371475,43.584977610840426
64.4109604642765,41.578463049725094,100.42879749107334,0,94.98861485146658,14.642501320714345,116.22382589318354
79.03714574701004,29.406489638272895,36.6800573358935,0,40.90882106161418,1.9571020802317514,208.93623839783785
51.928406781503064,26.34205434682847,62.41616694251337,1,10.348811189774548,0.7836878267661194,111.40372967658674
24.989730976053917,36.23025755290159,89.68359034123387,0,27.563114772784644,3.2336372508822113,44.976042313945776
59.91146031026278,30.9083957901639,94.16873992213873,0,97.13848853722571,10.563254802492656,121.40600651544389
90.74716466433604,33.1925277271575,109.43718368954403,0,29.034065958977905,4.286483894110135,166.22260088403223
99.64566687749651,37.42312639659537,60.73614651033759,0,9.317406132438498,0.7300028578914379,215.97662634065142
95.78497614650749,42.25659459727291,66.45254022285704,1,36.887706155711506,3.4789855319220706,177.41083548318247
34.49855338492072,26.648448124105975,58.82760761642146,1,98.69002072556228,7.951333388061669,86.94948166463627
60.56819113925023,27.738190407158193,95.10360157655589,1,30.74097603893734,3.6071248876748756,125.34604707274923
93.13000690602256,22.068710500882652,100.13291887406342,0,9.295773660087994,1.0408085072779714,181.25091988921423
46.99938618463422,40.26383326954582,108.98209034519556,0,40.79020214410437,6.455646027494645,88.42638377019712
63.37192487908855,21.587795739750035,32.94574941087931,0,30.973671833417093,1.1539702913728374,173.9829280769592
88.50140198167952,40.32252522825194,109.97741386289044,1,91.75074646447607,15.337902693800002,148.1154866861401
47.11729668844185,26.027120808240795,46.40362628052199,0,95.63484758957863,5.494307630645815,128.73147802356465
34.43463846779433,36.79251711014642,79.45025923663167,1,30.523885792404197,3.1778337334607714,47.866557166857135
85.66657665531261,27.694430994276235,95.31085881704499,1,58.2891072958617,7.951036269119425,163.96265868843705
49.296043628053745,23.35038071126602,32.30261410506712,0,79.54348507470941,3.2215764144614716,140.67578590638666
66.68746721106024,35.91610804055706,74.38524868337805,0,90.8950759769061,8.726066853606248,140.92211155964284
58.68910657858392,39.591325318528575,61.72342258570161,0,54.74221622142606,4.829939735623133,126.0244357677754
86.57777027659031,39.22294353288493,35.29887822814927,0,98.10309465212032,4.73954386704409,221.85152452180589
42.9438868744382,35.835021357918144,49.21164950225545,0,56.040024587836655,3.638702927808872,93.28951515745072
74.3017437642392,24.501681808732464,85.72011729816631,0,90.19489894107113,9.27549723534555,172.16503810382096
71.74240777428732,24.307996780040746,45.38312150469366,0,83.07011050022267,4.414144669486729,190.26975584393782
61.64080128262973,33.36058759331308,58.47931874175889,1,39.60563679956717,3.2548604784974176,132.2546471957182
73.68356043349605,20.982803496027472,93.95283191272341,0,70.33954812412789,8.268127714397574,150.55171731615334
15.220577072609958,41.70752767588967,36.76136061445455,0,22.529496838855845,1.092481487964955,31.36312255633144
46.49012873726747,32.11307462977553,79.46038172242368,0,55.470246627485736,5.915315423098624,101.30580652200823
86.77745717385845,38.74040580021469,32.437772218687535,1,47.50417484822819,2.2862644977557123,199.36599798493214
35.60999280895202,26.731080773734526,60.18273304836981,1,58.57668374178946,4.964600858763533,81.3337648635236
34.8233949817331,28.573171606956507,67.9175953144445,1,79.97126766769713,7.288417263930364,70.62596176366874
22.388224487431014,33.427663545463695,76.94728944167034,1,60.720866292772115,6.650271897510624,36.61188561106549
91.47002875732605,35.188880557339324,49.548252437172366,0,98.71894863533308,6.604493739128515,212.7205645324309
35.16427729755953,22.544561815510093,42.22873113474656,0,51.3419310768301,2.852637772681272,94.60610539318603
92.97862711227019,20.132500159940136,108.0053730356114,1,21.234320802056253,3.222079127494685,171.5903339684495
93.99695907584479,33.919072325348246,75.72901515759199,0,84.66534307674935,7.885876000438954,203.91881446638328
60.03640197039492,37.68075239111111,91.4223601154271,1,60.217631035148166,7.483780744088524,103.2071194242551
55.89690865765949,33.314735813789646,34.145882945794156,1,48.15545736081447,2.3306530754464663,129.22924319193655
73.18858156978584,22.19670278106642,41.10598187536163,0,77.22164668952023,3.990809536101259,196.7269012759633
55.08397602676346,30.296022853681713,57.90946132343962,0,85.8191087015632,6.588444799599136,135.51845325890943
99.2290054988782,25.12504525133093,60.33828679710403,0,75.40646168255562,5.548127853111368,246.64160140158705
86.55544602445312,23.494309415657238,93.62138494879122,1,80.95602743735398,10.618913191775482,167.2781732055323
68.86947791621506,42.6966532615629,55.29572658371957,1,42.28228520515036,3.7921287361004055,135.1500385414778
52.326467228468566,29.423610735622688,67.01438285356852,1,56.27920088189014,5.041574885089451,102.94115726264069
48.27597936712766,33.29643699220435,35.329528991265356,1,64.30260961182925,2.944190419606425,121.90982741635129
94.88573050714538,35.692701326785446,56.79244917256689,1,20.8394221993714,1.8264250419258887,210.0327154829749
63.71782218687804,44.942315398096085,90.19224960310582,0,28.606468282374244,3.8947121747654605,115.9534777457793
17.850256952541248,34.24724212178291,90.99669485925524,0,76.69035272671107,8.422114276611586,24.370428909729714
53.845018638942655,35.098946801812815,70.18306779700241,1,19.242155598133508,1.822622102137162,111.35175233808448
76.39146831341064,38.00091341365186,81.29181063082379,0,58.72329299568251,6.75309542207102,159.3581242063209
96.52135753794236,28.563106429463584,48.18807864239896,0,48.8905513461926,3.1897806671318336,248.67894286141907
28.034869264866817,34.65574580041993,70.47109431075728,0,29.32147552609791,2.8419525347848262,56.502395066182174
93.09379439216345,39.75211592810217,31.841808383011,0,19.49120907685483,0.867670301955228,235.24392190129356
66.57077894254274,30.60326678255965,88.91553884997782,1,84.84176503814018,11.17254357137346,126.61546285066996
29.06924338121963,24.658021987353017,96.99926312019937,0,87.64015439590219,10.274688193069982,59.225052484245516
65.25841203831898,29.975067596753256,34.38093110576251,0,24.53008179568556,1.123539188980943,172.43209605302718
50.232889657308355,41.587953515323925,103.83681854387879,0,37.96055418014163,5.7766090675647765,90.34312970549536
53.438524975633605,25.61512057349955,66.19516129061547,0,28.58151206192943,2.3197819105677713,134.16883592319112
38.59490967350054,25.502430352027428,47.014462747298104,0,21.913416852626387,1.3570853186912828,98.84167325747273
27.6363318590146,30.365603093175594,36.82797344629151,0,22.52397278479133,1.0067869765559747,69.3510147738855
51.2770569536237,39.99455055185673,57.95095992394664,1,23.115333463048323,1.8113347732114815,96.1768450130256
55.12569033434993,34.12102833156541,35.25669115426819,1,72.83562398003369,3.6516881671159713,124.88500230622499
57.24601564980617,39.13390702665602,38.238518346505245,1,86.86963399628414,5.351870223050522,143.5063660201148
46.731291883779,26.768616828588844,81.51996345912126,1,81.0712282911815,9.551585421934444,102.52522027829465
36.58052794368086,24.90282749233632,70.4406303284827,1,14.890315288534515,1.4422911135391154,69.71669487440656
30.17629627461836,36.318652696296866,49.05462248373812,1,81.50492189900098,6.331964673218523,72.44952731031638
96.82519207716435,43.61024313943184,41.28654790221709,1,32.84903437479626,2.250024986727768,209.55346204683238
16.105163498412562,22.1377132713617,46.630900411682184,0,16.663804517957306,1.0313605445084295,48.64072225252998
92.40304030092584,35.61903177608128,56.86926857198681,0,41.07077877589035,3.156418804938867,216.7833962155942
37.78540946994448,35.60372269622835,62.752932175299236,1,39.46199999326482,3.806003425983937,76.2822923755224
63.09101269715764,44.63418280604337,67.68523621550516,1,45.39528292457718,4.308941409530697,119.05305687584917
37.83757554772042,33.540855366521676,80.67825758609177,0,25.712195211938216,2.780290013274514,74.11579190475453
91.54864560509279,37.28054644024136,84.65470851563852,1,91.8583866232474,10.450569687116408,167.7973726034481
64.00390041871155,26.85138051718015,74.33424020126347,0,52.259164928089604,4.956976854585123,142.56894564275552
77.2356891690203,26.268266514039944,80.6478450685958,0,21.660271469227713,2.298754410990286,169.05376176555797
50.59549461582621,29.578463206237437,71.513416422627,1,38.6177807733187,4.086349653419953,105.0457737031589
92.81866256981269,38.03832152804764,78.83237336063661,1,50.22478820891447,5.990209214321927,180.470574883108
94.63052784260442,38.314302430256255,47.19523028726054,1,56.285063996278375,3.637345560908719,207.04649582991502
96.19508658149572,23.866803522080904,79.86660407239926,1,15.126834047708321,1.4489258804334764,202.31281997366224
76.89604427730629,32.38728290515496,85.07219171421889,1,48.66974371230746,5.273685517142706,146.5373318225943
83.6315714044247,44.05246964410294,93.20108470334849,0,47.370548431005794,5.910183262484209,148.3496519017429
61.061580527160444,41.82364589691021,88.57799091276489,0,77.10840532619073,10.004175530149263,115.21681453414809
91.78592407406212,36.16662297792909,85.45401691655398,0,94.68563727022826,9.799485209943356,184.15720133131757
74.97388966383352,43.13120793539164,44.44602761018668,0,49.95496121772667,3.029634439739915,173.14612104046864
31.370917361778588,22.88205053118211,63.741012778441004,0,50.05035058245906,4.19246721380462,72.52013845116616
86.78669887548098,27.97751183108139,96.3132379320542,0,66.76589829210667,7.731257412291194,175.35255547354782
90.2248603044789,33.256628315872504,65.28257293985293,0,11.208852375899525,0.915475294161511,216.95545841895577
60.85675985190366,39.768079120974086,55.5002002345656,1,54.415970438479526,4.42632679853379,124.34225003204885
54.26514229892494,44.75853283354443,30.019001886070768,0,55.24902773258514,2.5927644345972722,137.12571716016942
82.89657504076156,44.94835276333344,58.05694523613681,1,13.411624008293725,1.0984764138147938,174.45993020562867
38.093392540865345,29.95718459939089,37.335946808914414,0,45.028915216321664,2.21805815348044,98.46095775941113
35.2960573903057,22.761852828284866,58.36977261126212,1,86.01807306073063,6.939466246235783,72.58387843568161
92.37882367489041,21.12751693050808,38.75740789432921,0,69.56649185584163,3.1713771178465207,250.5418705521438
95.74670063576916,39.658625360388804,37.15288018498076,1,98.32139893260775,5.845253698097324,221.05599951413268
99.08071733413551,38.583820572340606,35.19891275863152,1,94.55951854283694,5.046187709987698,230.00342414751555
66.65762756470302,32.81721277541271,48.45358493742069,1,41.48860809166871,2.548713363811642,154.01557980415697
33.38754195810705,32.956509166909804,77.78192579442728,0,21.520048675851292,2.1234639492273395,77.25221724219377
79.45027043484777,37.40051545134481,42.311672507188405,1,49.021171080483896,3.0957524280732986,167.4438619774635
38.20154686278677,31.91692070825921,33.550133082658945,1,86.90212364021781,4.290036785641849,90.2352048663673
70.69556835431685,33.771434265228486,36.95894079291281,1,29.001663926284085,1.3614290021218507,167.81491029451323
60.271214149064775,44.05304931480124,38.75750880435631,1,12.232431651578517,0.7828812952956307,130.88756780095972
57.08745479618782,32.0146644331662,77.39262277276141,1,59.27529948235954,6.56869408814081,119.55840000564983
77.38234311106464,33.031507804510376,99.45286432412375,1,85.80526426395298,12.825433845326485,140.24774684425302
75.21085302077796,40.925333209091804,85.79771693354269,1,15.05423891371548,2.0177480180581657,134.72559543739092
96.71179949571713,31.63675021924959,100.32571841825053,1,17.242637409977295,2.311878609455145,175.32417948720524
78.19820178478666,24.018997401207706,95.43736192952497,1,76.8804013595688,9.13894377072902,156.63675027094715
24.8467278263219,29.41738404966997,30.725792372217995,0,79.08531253935864,2.805429531441441,59.66233621527898
79.68737171267239,33.531664466902754,107.03936030871957,0,42.25436508729368,5.512923852442985,153.8180927008808
29.769045401143178,39.27135271352474,105.78383106050704,1,72.27634842130175,10.343135406893524,52.89351775532545
64.48448911498323,28.64707642382392,79.67324142139817,0,85.97939262387153,9.355332745670419,139.28281789765254
70.04375968916214,34.85989648071363,60.688980832449744,0,7.101737395254739,0.5481470575768026,168.4261627486646
56.534671184396586,39.26018544519483,84.66363012852041,1,20.09913691129187,2.5039921075920795,102.94142034539054
85.20326509299122,27.459360774749815,97.19577317379775,0,69.64743369709774,8.580307849805711,182.4426462662611
38.22705979484779,43.77158905626026,42.08463134247202,1,74.47065636250014,5.219337321777732,79.73346557312455
41.51591919208609,28.018568510953187,87.95381380912936,1,25.244946882382912,2.6864982310942684,90.07299717892153
70.39168015695023,29.21315859309403,99.14865998717096,1,56.60711655004602,7.063680631249574,130.9946913327104
60.08012346690177,20.446547311957985,93.7438262291222,1,8.089987051668931,1.1141177571259602,108.6693634685739
67.41527673426273,39.91343227440441,68.52178812100401,1,61.84109018663056,6.446196434024245,132.33288718958943
34.17091210771751,24.020636726954752,82.12155734418117,0,30.55437342133428,3.2214414237585296,68.63773891335904
41.38076650850377,31.38050372704503,30.92964319264805,1,69.6433795041359,2.90772172625517,110.58684879658603
95.97513423329094,42.69546632461601,87.94282465011295,0,14.968366949726612,1.763240205580269,183.63300905511542
98.86632042770745,23.56238857253783,69.91105227610848,1,24.983210092292516,2.225425115954346,215.75822233523763
90.015346294666,22.06271336101053,95.96112375174671,1,42.70771123915163,5.065764435407643,168.92515853166023
63.24097210223244,37.236624228431644,94.04693592872663,1,8.912432051530809,1.2607628317392416,113.28727621925103
67.4113894583103,35.32360437164015,53.906870906985105,1,87.74206675587813,7.0523472836196905,150.07094595629766
83.1468870609323,28.486254813570152,95.18600909972098,0,67.77791123842881,8.096636350025443,178.7964054183073
55.876825673163715,21.018852652311818,43.11995847915978,1,12.75484829290601,0.6759920799602706,137.58569592033268
36.003774890862445,23.98861700282971,99.74268532737614,1,36.25665659239291,4.70594089144887,72.23376435199202
51.86070338629305,21.09154144268403,42.93380353174421,1,73.32416893586506,4.009143948810785,127.6282045525144
99.68838286482307,44.36982905366958,82.02605490775495,1,43.30982930676402,5.188735002976835,168.24060195278034
86.43845453353934,24.35483341445634,106.86244411895815,1,75.5571195139982,10.374762216811748,160.6849372598646
44.40447436649185,29.275969074615066,109.01196509888463,1,56.6135497195124,8.363686746515452,77.87322887652263
48.6187894371663,35.15471783902929,77.81788522046915,1,45.063488052978265,4.782796619926105,94.56093029339901
65.34977793043579,42.80908364041728,46.85297512045332,0,49.25221666692361,3.48151794206311,151.6855052796354
49.45136556228819,35.046384591550215,80.60324265810449,1,97.28253393395576,10.469710354550694,91.14031255147414
87.62273293641422,32.30694641120087,49.778485952254165,1,43.47697591263054,3.0657064197005366,207.7483590873753
23.097228176143236,36.30308113826095,54.97184453571577,1,29.522676106607115,2.414421944377542,53.63823855062789
42.64115545909907,39.33682814216502,40.46989285746798,0,27.517646425291936,1.4468743168158447,102.04379999951794
43.12559585407961,31.219439345785077,83.5512321167489,0,45.93431474787156,4.6460233298329925,96.24358064725462
67.45732386134256,37.669430422136145,43.36335263207599,1,41.03906604263026,2.6534013348734358,153.03567505096936
81.4521780368275,37.63463985280509,65.70949172100684,0,87.48577164875957,7.31283912794016,165.2338893003992
24.51316764880687,26.74374028792474,34.56694848714519,0,26.95743668062643,1.0356950615867786,62.34587589591044
30.300887185181498,22.213889605581034,38.264716569921255,0,8.94942160978725,0.3926786855381157,85.35371457728151
98.86356045150198,44.127967410901135,30.395198474752767,1,35.69741242167646,1.8336804468725618,215.90923541495647
59.347053964078114,28.566337203022883,72.57959910610393,0,7.847491037904406,0.680664942384832,137.6791100100011
74.89786483261497,25.04633630307371,83.87459466599338,1,22.893162957732137,2.604611675002099,153.31181205135272
96.88448078973391,26.382663118210797,82.93058802969173,0,94.7383508500322,9.90871856151208,212.4197091012633
57.25985494071632,35.44618100503035,99.51239875829745,1,78.00933962976016,10.251874728848403,104.09516297198003
85.28130511550958,36.674287924772685,76.17481893693986,1,67.49530393728843,8.184451328222455,164.83668484889523
19.09802330314726,44.429354605532936,62.55263685782965,1,76.48063744847938,6.798317811256185,33.55011122228446
70.29349006229585,39.12977161389462,104.05398647045695,0,81.74536448441957,12.260450388773759,125.64333863867661
82.81416015298393,30.889582870323324,95.42673729400173,1,33.202581083226676,4.477744867991236,160.45115916947034
66.83570346738904,34.08597318371147,60.433576338623816,0,47.625894149140414,3.5698902010302893,145.54630928501305
46.72640228849391,25.681740681578788,35.85567390147549,0,21.002216588558365,0.9357626256834135,131.1116224903896
61.10091152327776,43.78696399164978,97.77338890980593,1,7.435996251611391,1.0837295752841591,109.01809374971383
47.31662759679785,29.97056952242251,76.41378953818658,1,50.28607012891012,5.117034770122889,104.90041424872366
75.81672710343832,33.03085331213336,95.79147350536465,0,5.718473122923501,0.7310720966467265,151.52845836378873
91.33259666074889,26.087057414407482,104.16276358370453,0,23.72964202442335,2.9858541167422636,184.29428103822707
67.47489938010281,33.07711811454462,83.60768276887534,0,81.28746029410303,8.883272758055448,138.17080724799135
41.46115442826031,35.258344582772956,87.29205393785548,0,97.788897672945,12.024239995849046,77.9034898699577
88.05034242885007,39.99452738560054,44.76681036296264,0,15.153307694000665,0.9487016854639323,206.71037860984006
36.80783661461592,44.0731718809395,68.68365173759398,0,82.49612113290668,7.891397211531584,69.20234180578714
15.219641261823503,35.94963014483244,71.21401362669853,1,26.667578335148583,2.573471206072575,30.486397681635882
66.93338405233429,30.27571174516762,97.18890422933762,1,78.1447465239095,10.479521162166739,120.74562617469262
77.21643574477893,41.27935652131927,83.71397356244915,0,14.075854814293477,1.6849374936832624,143.87859322803283
53.40025269266447,34.665211579386856,43.441136619589074,0,87.57966434184999,4.979590196418096,125.59619504101818
41.54310181414766,25.75615421069675,46.49489316147411,0,27.034974131017666,1.4866315736705604,110.88415346846612
65.53048849082471,32.41917147147923,109.02284161719098,0,61.71945710509071,8.978702498806992,114.30578824222057
76.58393236888254,20.395527294139562,57.28720195793764,1,14.890416691495801,1.2083174530115488,161.82147355419195
64.16288794554477,26.854016663995147,36.35354951911893,1,66.3025345649431,3.242636631936711,155.88874551636061
44.20264035593483,35.42889458489117,65.39279491845356,1,11.423193541260416,1.1332878650087668,84.07224955065315
34.86552696238681,33.50029786511276,100.40632700491666,1,69.61253345482788,9.299331194053483,55.59518645029157
19.448804441853206,29.461910587146726,59.03554174767936,0,74.41179847272838,5.468419184249587,45.81455081230901
20.112099121066745,34.05742039694775,106.61002276043041,0,65.32120433114815,9.578069825976902,36.09591087739166
50.92857463867611,40.54516109752717,30.098934380752755,1,68.16661382628571,3.253961942936293,113.0202889232536
93.81011465575348,25.86605204638634,61.94527326474465,1,6.9025038129533245,0.5854534472401316,209.5460830007516
72.08246770710817,22.323228609484747,50.56378131456639,1,76.75068994719675,4.779643405584359,174.09991904333972
85.21574857146491,39.55070219175965,86.69957581943811,1,16.17665770498807,1.9685975928954196,146.9940249160603
44.4373503300653,25.97638330493164,70.77793974013585,0,42.71324412205693,3.6245259930196063,96.95901358427554
66.05051833565247,32.89198569241245,103.55135785715339,0,59.58580132018783,8.094937818158357,126.89007983407895
48.76019608148294,33.493315468998574,80.23600422181087,1,88.4075604422816,10.708133354675809,82.54823022329141
83.5036590099978,39.750760907676536,54.37433112784326,0,35.640157895409445,2.413885997928287,184.761119503682
96.37244547103991,34.32603572327123,104.61845923810039,1,17.5898439104756,2.796126951028271,165.57754739810468
93.43436119363852,32.1765479704734,78.5002350200782,1,83.78657848842195,8.802473640702633,181.46465293850656
55.64989195908614,32.65268887116877,48.604108669230406,0,57.20530591002661,3.9264576374976734,138.40801740275742
51.762319658061216,27.79540332713149,70.49134902721953,1,31.386499256179807,3.154705000414286,102.73344037222239
47.849171498527504,34.11102726697206,45.342596447348846,0,10.5255605730202,0.6867341392085966,124.14263994107527
19.911347684691165,37.37588072146383,108.69431402107308,0,21.213152062249847,2.844803917784573,32.412735657494956
30.110142967356097,37.290451389232985,79.44413394297487,1,99.68620111603279,12.24880797147884,61.0827988780262
67.29365224963593,27.656340519665292,79.91166690333108,1,85.56150909869314,9.504711992119903,136.43722012910834
70.59644260661985,28.855906011119362,72.0403697574912,1,83.61610007885305,8.486600471662053,155.45330857788235
80.39091595951389,20.27578161071618,63.29231985438092,0,44.76515905427385,3.7673234926403345,197.6949196911275
31.12406209484756,35.47370482519304,55.8800315929179,1,27.91413847195644,2.4458409636127914,70.49107109873813
83.13065451005411,43.989416108025836,69.02832351410899,0,30.25585798215978,3.069260580713408,158.74618834206146
27.68521112576497,23.17999406718624,99.17283137123341,1,75.04892235184097,9.77433550409653,53.02081651602975
46.95050423739039,29.86190696425088,66.75574147247893,0,95.84110811165009,7.460111800706991,109.90266659066869
95.14064702012725,40.2220865409082,36.113348755044115,0,84.88280004546264,3.8471553926564237,229.26946675263724
91.649769331511,31.536936615618355,80.97611814466244,1,41.70314643558997,4.616120048384833,182.88274940137669
53.30267082202942,42.06148601140249,38.45547839250193,1,53.661082477204076,3.2435121879230957,116.16757976287836
18.54219655120266,22.11980040114508,87.30587104501458,0,81.2024030221208,8.061570680169622,39.923234940747925
47.94559467603541,31.548673416773894,109.32707270962192,1,78.59208546221228,12.247702298821771,81.63763950474336
30.741623268734774,24.35273338335211,37.871651977071785,1,83.90077335845979,3.7871373557364634,75.04149883277111
58.745894858748485,42.47252060015588,92.59879396511504,1,64.34303904115505,8.856672588901782,99.48105930275798
32.483417286622185,23.03466045398516,79.20103744310933,1,11.579159097156694,1.3233487212891224,72.37698143048947
42.38831779279341,23.13083926082068,67.9468887924971,1,62.1787510154506,5.669699920929787,92.54432290315161
78.58622025151023,40.29424470225344,82.51828858652021,0,9.1548844585971,0.9638267699337665,149.75564134441888
46.95939564501147,33.7522985114539,61.092223890387764,1,94.59220458574723,7.722475328034046,100.44535483675718
25.327616985578036,24.936762246498432,100.95399201674157,1,99.27946304649967,13.443278921738555,52.76086081369494
36.96668772480454,33.60041447956879,80.88566109838601,1,48.751252241043304,5.929629538051976,69.86577070998966
76.92170755873713,39.41118616249312,82.49294701448572,0,35.40568408949343,4.213009392429681,153.292960018992
76.87551002211318,22.698592866161608,84.82384128926986,1,82.68960633640978,8.76657642924668,146.97317613682088
57.99747890090546,41.01757570028,88.62412358130004,0,77.02757605227104,9.966626254159719,105.69000264919828
27.883396584952255,22.343923016138916,76.173822663004,0,77.30654601910001,6.7609935006921305,64.26878886666427
54.23238532568214,20.233290495677334,49.73430916172984,0,88.73782406912703,5.30196256481746,137.28871707896943
70.89262658613197,27.773223250188856,89.38784404580073,1,63.51861777471701,7.090622598748006,139.0858891402911
45.20768833828785,39.59479461213493,74.33812113056133,1,85.56454015742332,10.088895328888407,89.6179963879483
72.66219994268705,38.90661644728632,97.35762971973669,1,88.28182237367905,13.947564320942638,129.35214379053346
46.30631009308211,31.215265773863564,87.76567505621897,1,25.634864280665003,2.8727102102766717,87.16331922489674
47.95225555378351,30.058178117163898,99.94099764881902,0,66.02092496099661,7.594396104341093,93.81489842189185
64.29862193139115,34.03711469898809,74.85280755329367,1,51.226777913156546,5.526254979056414,125.95483524415283
42.37918035948077,35.91226627622885,41.91997889193948,1,36.752640276125774,2.340780556480555,97.10857459289943
75.15287945297784,39.71537411681016,71.38152451532875,1,40.478946633696474,3.971339224973472,139.46453946790288
46.57087015920889,21.563555672434212,94.10935326556152,0,99.84301358233022,12.673134931317799,100.7437430341577
69.61804196049128,30.5312013323518,80.89418917665861,1,21.93398435594095,2.5169571202270498,140.40649951370895
98.26997077788009,24.132352774254365,86.02015675556169,1,84.01121914919848,9.018250242512599,193.77403880144035
59.036695130299314,27.468139339719325,105.25433960922724,1,86.00916188819257,11.36214009228033,106.26588960293768
55.87701006401092,30.87950998138392,104.98826353726915,1,17.68059737951466,2.333496315268818,89.49088441939647
76.87484109277004,32.411528808882494,64.94805620921437,0,5.6677743622938195,0.43246063974175586,172.48551690475625
48.901062524817,43.06557645219474,67.76483473575986,0,11.551011553860013,1.010748671063038,98.12382861421698
38.98590134892201,26.54264209339765,49.75830392575999,1,79.77702724715239,5.720024401787065,88.08449510457964
86.80710208431182,26.703475502387835,42.510544352275836,1,8.19329201741185,0.41893182322770134,205.84381377399532
92.04718353427494,23.48113427793988,72.59365458201736,0,78.32648398725402,6.353887924787378,217.7853484686024
61.60724961674606,23.19970521333966,100.57084914256481,0,9.964498532172257,1.204332527664739,122.34208395682211
37.11341223177435,38.270524124518246,108.50376723977973,1,18.771681876082617,3.124633959006489,58.82805440631938
41.2393931867216,43.675899693468075,107.38849422306201,0,15.83909956435367,2.253364266669095,65.55920844197841
34.15193904585498,26.27416653350745,98.04928462729103,0,56.78502518476647,7.416682481484871,68.91380068054488
61.11639328861095,39.79249971133379,73.9070925376047,1,12.763907845943935,1.3917176794908108,108.60462998064155
56.199184406053995,24.144363504081895,105.65585176002259,1,25.52859305260421,3.241777848849609,105.33622831226438
78.689115579141,27.264688995158878,92.95761079341331,1,81.60834363711975,9.97229990398834,159.551387005537
19.416309092112815,39.65695498460083,46.10910257087795,0,87.85289150213526,5.623444844513752,49.31158626662744
16.525382678321805,23.156344569815335,82.77034931157938,1,87.70495037937066,9.081046590840794,37.9311647254521
53.35534425538399,44.624741403521874,91.76099810479923,0,57.488793404358894,6.957911933790366,90.44207242557408
48.211911077157126,39.95860470560821,59.75461343334919,0,83.09980025702141,6.686230520293309,100.35954478319194
80.92700732865283,44.11191634752029,46.30131673021513,1,13.933429921255303,0.9673425042906765,164.1922025747512
41.54967366026865,36.06686644181059,45.667265006953514,1,55.637742388383295,3.4071345964025705,97.61107859203854
74.15142504434822,39.83153376095636,55.34093416540213,0,39.49456998023099,3.25105034753343,165.23472552310201
65.83957349636653,20.83459004465953,59.09544998049122,1,67.15779247087137,4.984922629971784,140.52898892932427
52.42749056130966,35.38245062674505,36.67712679915066,1,16.176178875135893,0.8894370421877468,118.3925615980876
76.64077158232821,28.075279959655347,109.76625256653294,1,45.61152035245844,6.2362988426795125,138.93689806474674
16.07163919793952,33.99389209095956,72.19196976981411,0,83.18105239104118,7.398178949445562,36.30783706284077
43.63144265819378,27.41224453208288,103.45663996982202,1,72.4730658692146,9.582074767580922,81.33599418773446
55.04927140928925,40.54092244276179,66.7412157738571,0,29.160588211940087,2.8707031439986084,115.75626581565999
35.76889496684962,22.82358021027934,36.97435742654649,0,27.788040711814748,1.1695613288810716,103.50524889514953
44.575019984484165,31.258774472635316,89.90610695706452,0,46.37301816782514,5.398326214670379,95.77895172160737
86.71767274457156,26.34937186430062,32.48924799338862,0,69.23686839716623,2.6400737474813627,249.24827028170355
73.33781171831828,21.74102870406014,43.99051497407675,0,67.25182892070752,4.026357713643008,196.55055440534576
33.320038847263206,29.00944549825869,35.48043253015837,0,33.87490811786876,1.5460549173509852,88.7858968060004
94.75590956812103,41.7801120565763,91.28518212282421,0,10.61391955743406,1.4660786143306233,180.84561412529553
15.016013962309462,24.227026758899814,61.180750994119364,1,48.734035764183,4.1779251020870145,36.03070621092065
61.46509871596202,29.51001372426024,108.14402628085274,1,50.51165599481836,6.685490539452178,108.72198016788799
97.13068991007785,23.186348985571723,86.6150661064495,1,91.52316535617194,10.991384513236365,195.65742261485434
83.41707603152229,20.450163890011364,107.02482856592208,0,58.122556648786016,8.004459842965366,173.97069751686595
53.236587677667536,25.461079572082678,39.61977812093405,1,14.170774668566878,0.6932506656662485,138.5116026565669
16.05434308357176,31.719199136612644,54.10122086080003,0,12.052882933896711,0.7893649157577294,41.973838926373304
20.481758056179242,41.93098642905501,100.18094102609436,0,61.35604916020151,9.301598640803125,44.39584167589328
30.753065259940726,21.974229054770717,49.16081359276305,0,32.102582143945064,1.9234949415728142,82.947843737818
63.73469437899353,36.47062675350176,50.184579987152524,0,61.902958276835,3.835471698058262,146.52660679030268
22.977869209985275,42.74067048591481,83.53602103504628,0,11.145254883937499,1.4353635945019487,38.270012198519865
43.96933448213696,24.12061688366905,43.6465529245672,0,64.97421754373893,3.495966264835266,117.61752836450809
74.72387071226889,25.935836709370157,70.98910220366325,1,27.247522447471137,2.675394863316862,161.80843262823603
98.62642659271222,26.723973645661776,62.55775277074111,1,29.167200179975463,2.3390312684716275,212.9822153747535
55.16193517555365,21.141218637559593,41.20192780426542,1,49.61596859466736,2.7243521968395203,146.5151021703081
54.92821985420812,31.186703533061447,67.94307363450085,0,54.07439970236801,4.218536684772953,122.07371145124958
15.651442775184153,25.476720227546444,32.937709000065695,1,32.06626204544128,1.3651283732090023,34.13890055985848
48.7277320023369,21.10969430427136,52.225765822538754,1,13.273812845598291,0.9552380003030716,111.1619971059508
24.67626344551112,28.630578570042303,70.5929550974247,0,7.8184811911502825,0.710441855350889,56.35042196709322
94.00126903021469,24.130098483446254,61.189788235323526,0,44.047002150226845,3.5283656653586406,228.7126000678583
75.6927747796828,35.197630352267595,54.74981742902257,0,73.25077683277985,5.7849043030480765,179.56307749787777
15.178826669950091,37.93930311828986,96.36700454922003,0,62.360568030191835,8.448443005172475,30.738119531521754
24.731449235601936,29.595972076124486,66.49892071644337,1,13.767055246959437,1.264918163233112,57.68894500061286
49.36037701975778,28.027027427176254,89.9880611549173,1,68.51440143867684,8.526507203168274,97.61460821298945
45.76319922121852,34.84151978021346,30.81049472221947,1,18.192776007669114,0.7366145397154744,110.50500322256262
69.21955287640888,38.524531256864464,72.3993218341135,0,55.72690989203756,5.102915582508996,142.34777653732633
15.995061912126845,30.550856503190975,53.6032566123325,0,13.017276151731522,0.8660130269720656,38.20178916206163
84.42147221747629,21.684613869638063,60.99140685349275,0,45.84345235206407,3.5864261127901145,195.89599068848736
38.407399811710576,27.657837469455316,93.11881279366347,1,26.49651528035202,3.2066404168415104,85.76070172673406
79.54483718897211,22.471840441015885,101.17216264140531,1,40.26138022657462,5.52191210434671,143.25996082160918
74.97479832472509,37.210125462303424,59.96423096160971,1,20.73469296768521,1.8608218803753767,153.92167996370787
58.965347445718216,29.47275695147036,30.536831224324796,0,11.812629440526846,0.4440516751394468,166.28260819051653
41.453487080388456,36.92801599337523,78.46233995621523,1,84.96371936574423,9.825422268558857,74.11219293436466
29.225577316783376,44.30063141241478,48.27893974038166,1,53.01823620149275,4.324867565838038,60.76847397176379
47.65757060379302,20.97490031437279,32.47646327354748,1,44.344271311181544,1.9009496418464076,117.85470989662782
56.46735176135455,23.251194562778466,96.83841891058621,0,95.81228875075533,10.907181723799585,115.81795332054679
90.5143121462379,35.07357191198654,96.136588779319,0,13.379161860037716,1.735271140897567,175.3035282201632
60.24189014766297,24.208423897978257,49.752594133406845,0,46.84192827968028,2.707311741974896,159.07357858856943
37.04346627195303,24.8655959176218,34.61180657592199,1,69.3517955442781,2.9500113650285065,98.26434631286601
29.04557428762127,34.57461065411506,109.97710433247312,0,64.49226053500107,9.305413327272479,59.83066595226046
49.15119805561756,44.84620972249245,100.42518097191416,1,35.95319616862273,5.936111504550878,88.2042033943937
27.578652526095954,41.31394454753884,86.87077733458553,1,26.63622492980491,3.811765247581615,47.2237065398954
92.30364192966557,38.05358088639765,72.670930301229,1,8.608248512536079,0.9616378203461843,174.8479134877632
72.86425090164127,31.669551930779697,32.756900754,1,19.135617093485987,0.8600756110163207,182.07035788672687
98.38392714382823,32.085185899328664,99.08380180116362,0,33.732510437491094,4.287616349182568,207.01357546682462
52.504015660702755,35.143882578476415,103.49877684851019,0,59.84150777714747,8.784677276134875,103.50653908868773
98.3628442045915,30.189605214345423,96.20151376850424,0,61.18364214513637,7.885273826259972,200.21607827675425
20.055083353718867,20.079196214517545,81.2158649247699,0,89.84356949356442,8.383001879476678,43.36283353609147
90.09450485381515,31.207976384235554,70.83459912033858,1,25.970821403014266,2.6506930861877955,197.92678130828995
69.77997355528787,40.49494512461819,56.67258577272884,0,25.0169715673843,2.1447248796797327,155.77768961524623
15.753379234644857,44.94552139204946,84.14570390859166,0,13.532154656863531,1.4758094986859187,28.829832735233314
68.7970381076669,21.72573852219624,30.453265162365383,1,78.04766430022589,3.2820690648376427,177.66970108386764
80.11985428762483,41.1480359919433,79.08832913899667,1,42.91451786700369,5.336984744735195,151.18223452764292
17.08236810275045,27.65343352198983,73.93042690217382,1,81.78234495087611,8.764022402173131,30.48698472332706
21.14690039692478,43.877880182292536,71.80612794693961,1,69.76612118856532,7.120642056469193,36.618619455204524
55.65209015659399,23.629912822116506,86.80880451373653,1,33.052596934554614,3.567748129720041,115.83775805159505
38.885382407240655,40.08706858242211,104.33824429054832,1,30.28596118897606,4.26264882282499,70.32935141317579
61.663338202539556,25.481849048096894,32.69353425710982,0,38.99233799078714,1.5825707888237495,177.74924403273207
25.448257669557943,42.21647700663497,70.24671606238691,1,48.12495057029392,5.4657341060360505,58.17847901133517
59.73366912874723,31.579317918783545,48.77227534206795,0,81.37605821748943,5.129325382365934,152.12093930758996
59.21444084641385,23.571899033485295,92.02769203225085,1,43.1373349367534,4.862087895596972,112.43580982007377
49.20796418186186,22.568706311310585,45.12316197820254,0,9.450931310122296,0.5007232615218548,133.9361537450405
75.09300143373588,21.567240540546646,97.1470793884802,0,37.33522089904746,4.89838064996197,153.37434253284434
63.023670402396554,41.66369954372717,75.7447330885723,1,89.7278537570198,10.139896797241486,117.07641808664833
92.34516722762332,29.432951349079822,107.12627331920865,0,16.02215472807608,1.954072789316504,184.23706595222072
86.76113970449457,36.89619366160841,41.129267911287,0,72.73937481026027,4.150819994054623,213.53602611016626
97.11403793593756,39.025944756269574,106.06181661850704,0,94.67831900950492,13.10535929733938,185.82520249146108
99.9546310983286,22.620201624939302,69.88566396045672,0,52.538108842469114,4.450156779240049,231.05329750768107
53.90446643853999,25.222068100129093,59.49657366918362,1,5.273718908233386,0.43680493685616434,125.90114600240595
50.34278755843326,37.99134541526326,59.692929182859345,1,49.86677139548326,4.690393146704474,96.656091306646
33.3379577299986,36.9453300077511,78.62016978021781,1,42.49976361525867,5.265333242835547,65.18275478889367
97.84030396350302,21.30496572612429,84.57551045012883,1,23.925451114935044,2.931593890569536,192.59220089138114
39.42981569957428,29.194649693903823,34.64735616642798,1,79.29145681863189,3.742271260154828,101.11767823745232
35.560555102102406,42.77671756918459,97.06122876365639,0,16.81499790504847,2.266819091295626,60.98538213722484
56.893489678032964,30.107243681371727,72.47501427296751,1,30.33414368288787,3.1294070794430024,125.33200604760118
53.6681056081449,26.681315744839882,47.5844279058552,1,97.7213132115253,5.6688334980797705,127.10022459634658
16.440551515614384,39.2539552939274,94.5724429891906,1,22.265223117398982,3.077724398481996,22.569113117264116
77.81725741197648,25.58158463762991,81.34879670842844,1,5.128594442969475,0.522066889956414,156.16317189934352
69.94899303922409,44.35486109540893,97.76486615871195,0,56.96150888028187,8.502048064637652,116.4207664997253
32.603068045008555,23.80819464156697,101.95641700368813,0,26.682359531901415,3.1360165797489636,71.07950955353954
56.14655092536714,38.68611016491735,67.90478627183573,1,60.30983217798196,6.625517110281998,111.11436657940384
70.33137348503617,36.114779368558594,74.90348343587222,1,39.73967108483028,4.051072022278248,128.84103482525856
31.64581215141295,23.5200737223169,79.79309132527973,1,34.93896871759256,3.5024860245896434,66.07511848959365
92.04578193272712,24.097025594512054,81.42551318401394,0,37.79325980695,4.037270539983455,208.83032803758582
39.692882982070735,31.749706703948416,101.21129099168117,0,70.54997504434962,9.494655220627443,77.68394307070385
34.57132826039375,21.11409558621698,63.25137493487246,1,55.31767377483389,4.467630821834748,79.72337430801
57.551303548150145,36.99050831837769,36.09913743788516,1,93.22272726641387,5.139147941882062,127.69693324035822
53.9808251986764,34.02186158406544,99.11692645880082,1,24.872619213753143,3.1697669521722993,97.57634747736441
86.71022144440502,44.52981322910289,93.45142991973916,0,42.226538158862496,5.840284674837474,157.86715135664988
57.3500600424382,30.16685174996458,106.24160169431194,1,59.10627905887485,8.147178724388699,99.35749777739856
52.144650281577775,34.83902338446965,35.8465249621612,1,6.237808936922956,0.2873760876478546,126.85071595559995
45.17848979841645,37.45777893068932,61.61647410479762,1,97.84425125919284,9.238899852181998,96.08133727457349
28.74207208014176,31.922502661699248,87.46649402976031,0,27.04378374560507,3.0096542493354925,62.241609316000016
66.26046602449391,40.88519577105315,92.75366864027342,1,92.9884365010193,12.250748586078725,116.58388817810449
68.9209135540934,25.551896767333016,55.73359917276389,1,53.8949436265367,4.155696535136069,157.73019517740929
49.23497386929141,42.36606993944086,30.03542251497663,1,32.44406919637074,1.4519475177590966,109.17796175254746
93.16013709576423,44.8313753855741,33.59290391964927,0,50.74718732620616,2.517788686520933,221.8892266636716
38.42157483365609,35.55098905927485,109.39538314998232,0,58.58703273918419,8.2619695728935,66.97977913909821
70.81364126516947,26.009972822337673,45.32743565878606,0,97.56536267452947,4.853919937550493,190.86524908474715
34.43902479903101,43.90800233468819,41.854234258395635,1,31.835480677817532,2.238360241746754,76.67205142632481
64.43789490408145,30.91535474421915,76.40710677355636,0,36.00215093853878,3.733756113136402,139.98576225190075
91.81939360088708,41.14623876149919,62.07534099784374,1,79.13472278565376,7.359291736995877,175.653602772377
57.290887432418685,25.117002726432098,77.29042426068132,0,33.0909940339524,3.1303773041148575,132.63789259437132
45.97011026639972,27.381045062241054,100.35972565825011,0,43.89414682261674,5.748615347959539,92.57382034554443
86.04520387239386,28.304775827890115,85.48944459790361,1,38.49724756324153,4.692452467622113,157.3127803071082
18.859278924838865,27.250729841222647,104.48079767082399,0,17.14734611612967,2.315018815013703,44.2897824869667
15.000988954206122,30.414145712057305,71.80081448684707,0,73.69718601884264,6.29274358075456,38.658404659088916
19.411580204921265,24.777967737400065,54.806763067420405,0,67.98948322132513,4.698278611403673,48.83661970472964
87.1161572226946,30.56572992534023,54.23447245123434,1,82.71254116817583,5.833853496598797,193.33541366689553
43.6420016859838,44.988597967977356,62.46009348920488,1,76.65358466979767,7.286225638623432,81.33818785928017
65.20421588954422,36.52535635618301,36.27646530536992,0,76.61382155407577,3.36294595542492,165.44585878661857
37.851973108491684,35.71085118547497,68.54939834196932,0,62.14761853348329,5.429495076646056,73.38507198691923
75.72605394605559,38.97513206304828,38.20127712531796,0,72.30652126181575,3.5301066335013696,185.0981608577117
28.51712531792221,24.504893853203697,37.85879937512644,1,92.4944795041747,4.7382098269049875,75.67159593271063
76.9633902407444,41.54227259468363,51.925727147375284,0,9.930053454249034,0.6694990730709106,174.9083107668868
28.3727338001554,22.9718597794268,91.17753131810234,1,58.39691546824425,7.670034355579166,50.48128928418731
57.18199399500073,29.512942746747363,43.04282695452728,1,41.78754076191911,2.6343573197191636,139.05548964011757
67.3525128325213,41.08195227341006,37.8011460512718,1,71.96274595412126,4.352006359175576,148.56875853193813
61.44657686661702,44.175881881403654,34.13349773263689,0,34.33927028069738,1.670314454432378,149.10898253187972
83.74714868790078,36.92881031144184,80.00233488681646,1,87.78433324813116,10.539356736010035,156.62147568149095
82.71791876126665,26.261697469812475,79.98992796855991,0,85.8146247574604,9.145019141410579,179.74082008921334
28.83927922253342,24.67286101521154,31.58365266778035,0,34.14377695460342,1.2601149465973578,86.51938804084807
67.80985816921687,28.35124914171923,88.61592404722244,1,62.52295282850827,7.045847605696672,130.29550799250293
43.34432045566089,36.938523637588354,35.768887434354816,1,40.52249946621729,2.289655426785799,100.15783208291697
69.54742377037745,36.786978716680174,80.58257229101119,1,79.19460989342419,9.773048336019556,133.28160707531705
92.75214477130281,20.287016493734445,66.00932211798488,1,22.039644791159994,2.1601625489352365,198.49587316082827
24.630797901834455,30.09002505903978,89.0307987867685,1,60.30740685879603,6.88042720534154,43.67918463506611
66.46602688322439,32.91974847820396,89.21290950091705,1,32.30885816523876,4.157783032804361,125.33981333085013
97.32567319449083,35.09093001398438,36.158357365197304,0,92.92460974592868,4.055646364784928,258.14597613121674
53.93188799180199,22.30238133082256,74.2703212901366,0,6.435515000375128,0.6438157729831965,119.79479222247964
36.325908883743715,36.900657201313685,86.53038959029676,1,60.43791189585776,7.623372891350226,77.49304055123608
33.11222573820869,43.47642739917968,30.53457033791102,1,60.82065775539318,2.966254314156345,70.3665370605108
72.80951026299267,30.203792271667453,31.231591335304678,1,93.94537824425582,4.034018739347561,189.42388432095848
77.8496995356615,25.36669659931342,83.1995612990219,1,5.790394511583241,0.6183241919787883,168.98254554037402
22.873166059366213,38.70960874190578,103.16389310788472,1,86.82536445243363,14.037629277127204,24.524847979650655
99.68229435461453,25.729298780354053,73.75007727008357,0,27.992097598183335,2.6021983316146473,235.11016017709827
22.768276338200995,24.98175841167002,100.19760373235856,1,91.59452286590506,10.776846697381124,39.36303829764246
33.30427241751698,34.927394254667995,77.58425717422317,1,95.39161746679478,11.25753569125669,55.325161852510064
83.43267707213133,40.57459512604419,104.6168406506209,0,79.7431028189271,11.332825468450947,140.46447655704026
98.9510653490064,27.287393523093073,91.65940247244413,0,92.47282780401895,10.579579387955093,210.62459449149307
60.75821517673564,26.721337859554836,59.47591359332631,1,86.68326436217122,6.164551565001196,136.50797183605818
89.26644821548913,35.94885656711847,96.69145073151667,1,47.04182390740083,6.735659640791459,165.35601268647142
94.58385282485877,21.600158665215524,95.97945898776061,1,79.58428283909223,10.438361141590699,182.7562620055248
49.64879292827074,31.738138551096565,32.26490195221342,1,15.012355720241496,0.7054821966532338,117.48777742505726
49.82203953695937,36.37934286310845,50.81892783881835,1,15.628658572166765,1.150220545452179,112.5601733387887
85.2514876666398,31.15503052443859,94.46756260942665,0,34.43165315563455,3.936244614135914,177.2533430315447
58.77548107532647,33.38884537199181,58.550878013688816,0,12.280401615148637,1.0049147379848877,134.04449727905788
83.79257385424731,39.658943326537035,80.57732782031592,0,53.03524457508609,6.398600306863179,169.24208103122905
89.48715181709647,22.564199064589744,61.4184594617133,0,83.74277124403108,6.131286293840846,224.17078247280548
90.17200649695256,28.619535501816173,66.94747850200882,1,46.72500711872315,4.293659542305918,195.5202886175303
28.631059520178166,36.84113543687269,44.340260459142456,1,41.556343636004804,2.6651300504046556,72.00798010748811
88.35265391389181,33.297226975187854,93.1545755356153,1,20.329466100261453,2.4366036041248185,160.7677774327199
16.625962147169396,24.14370442413052,101.26844279865173,1,16.542062153337714,2.2485975172436405,27.0272231256844
33.01101808740927,27.775062368317005,43.35448566540012,0,42.148122567102874,2.1338219275301515,88.25922964698408
33.66208347453316,43.99657006783638,79.30403887405792,0,44.399903561909746,5.283259388724885,66.67279498138227
50.00850293548716,38.839865768643826,46.29337102181479,1,44.13601902823969,3.237861282583373,112.74294786339442
68.67060830356199,33.312601660399544,39.23157137431339,0,52.09185627202965,2.8863277326602543,177.66975655498516
58.54420436569623,22.857144249949485,91.18407779674217,0,24.410056422902176,2.732463982010108,124.53844912087719
50.63809119911187,20.453101026143244,93.42064908582502,0,68.9584117386805,7.9335509787864895,103.15155729776474
75.74450836724155,42.03908637351893,88.5053215762637,0,55.88737693801997,7.41396747144451,144.2765687844138
84.81801084655902,41.08315419469708,68.80757279836321,0,32.1233341112586,3.098428312465878,181.97247765102114
49.38833579434148,32.10861065728771,31.06941466075165,1,41.84347854210847,1.9141937451305393,124.01076167460461
91.65079242642943,25.086818562439895,35.35788896202172,1,50.529708541881064,2.169955083816305,243.46895583688166
61.37474052687756,44.54268356302854,66.03828571764763,0,81.36238179337744,7.605125327075219,127.0840447993117
99.76050008175078,33.97648212366506,55.69297221087628,0,11.650333652641248,0.8874030623135241,241.38039574318506
46.830833997281445,29.23704835078451,33.62554231687157,0,72.33273724676965,2.7431937773932447,132.50627540090645
33.50172896434557,36.54210720999641,68.71914945437977,1,65.03892463763796,5.938074001866268,58.451559176518046
61.58275031646041,33.026829762709696,58.01623928725842,1,54.21076630843936,4.086486816056386,142.31707029694647
72.04838523727354,35.511844626299265,89.38025497592697,0,67.93597495945278,7.806046705208763,137.4875161864295
36.9496366716236,35.13529393768968,64.65304890521331,1,89.46715277430094,8.386404918879578,74.21787954445517
68.75326256791293,23.911917900090014,67.91369760928822,0,72.71387924059894,5.854073827512959,157.58149995598967
65.98056177249232,41.53784268067234,99.49117118587405,1,53.17066644017824,7.49098358886411,112.07932334539302
21.542591897374297,37.403903628448134,60.623901154911024,1,47.823746969204564,4.610807737508572,51.9885776749608
60.32636893872371,35.919042926108176,89.85862650655167,0,35.8286210166575,4.087720169043245,108.21141653493842
31.2287597310897,37.36602397234319,47.49724903983419,1,83.25790260091668,5.255665967767726,71.47613196975256
54.22944884503158,44.582641420461684,92.93666725658473,1,71.40013870630163,10.013152583621613,93.38421058890228
51.74942924428452,20.778727319834775,50.766115942003935,1,44.44789237173384,3.284592324463305,122.45256608669041
87.9402335113438,39.59430972543123,64.31879454727124,1,89.3712279487334,8.238670744864732,179.61634643766106
91.58167613368977,44.90394183746947,96.03325312991585,1,76.06044995528332,12.060502279837674,163.15689827136336
40.842573158079965,27.952611172586803,106.89275325681321,0,39.24054857844118,5.476123531229565,75.19277849366597
63.12535875413102,27.81944973025885,82.34736043941757,0,6.495576734589314,0.596236294021706,139.92147852601946
41.26125915579298,23.316114440023828,70.93085743160617,1,58.52255831770081,5.606693380548405,91.70394755132425
88.47682598381095,34.67341266397268,76.47603039105435,0,65.64061278022352,6.914513010125405,182.8154685116458
64.20141428302537,34.23711210430635,99.47286303531057,0,93.26825440146897,11.777041560899868,125.72643077798774
59.85258462884407,25.29089746424653,109.65048875991067,1,51.94402871059886,7.9376545361223645,115.23873097864852
57.840319905687714,43.73001732952228,96.62655214952606,0,69.36550331895005,9.307201947413208,103.39283196827628
95.0438188659326,24.183925805919525,70.02875569724485,0,66.20438874682709,6.140852335628567,225.41954598567588
78.56251972954665,40.25646466748828,63.106197225663664,1,71.98821882920352,6.725002700573043,151.7426561949056
71.759650286268,40.93417699425377,43.57827428615386,1,70.11255762737055,4.15458510948191,154.53887423675613
53.6641576382438,37.1425135733411,102.81704278942053,1,51.407085102691006,7.531069999845348,85.67166637187601
28.063738641757386,34.31518082205056,52.1610019460783,1,12.462993937754078,0.9652990362510306,62.702000647504136
74.72441749794945,21.66319020527138,48.463572314122544,0,62.65046077631322,4.051975379417132,187.1063446284262
90.04775940409138,36.47613525330581,46.89854651783448,0,97.73776262386795,6.356735660275795,221.4453089300188
90.18957989830096,23.130513987920786,46.04423822762132,0,90.24975725013853,5.204388698257074,234.5751330916215
97.7375226290098,31.62523793816069,97.7910344457099,1,17.154007828619402,2.2473882551436097,169.74946842302055
71.89123177875973,42.297327581414066,54.484117081823044,1,41.63177128876667,3.152335678627184,139.44434732770338
32.91741363175243,25.73414442594181,67.5285768838063,1,94.5264281302163,7.624768629476575,79.18436180026501
98.75082574441926,24.15054559107152,39.154521488988685,1,31.445005757952377,1.7052110459788343,238.95672317786904
42.73158303349748,27.484584342633706,48.600479376626495,1,83.52874282273643,5.246939520511795,95.28628014824149
97.90672855744577,24.252885432732036,101.85904511625881,1,37.551288919639546,5.358388252915927,182.55208167294433
28.168651447192627,22.068420890454746,68.76303960640087,0,72.13417569938149,6.270324311236155,65.29492345506134
81.34726228541318,27.590598453596005,54.935186281203315,1,30.995839696773306,2.258440156046099,181.99812068970527
21.99314756355026,31.489601430340578,54.51707744342563,0,72.94271320412291,4.859987386699609,47.288067799571145
44.50030132244857,33.68093801051608,109.34183047833996,0,86.90928249752793,11.931965202522708,80.36640401217669
60.731929955931754,41.00270196098,109.15609047720451,0,94.33982469357096,12.9467067764013,93.34134623414906
70.76467686793484,33.98947136163355,84.96313204659845,1,39.333359011382704,5.060101704931981,144.2640440844324
49.5784080808965,28.205827641958486,66.31919289597592,0,53.8158197847768,4.776651718171886,125.23323938234391
58.5962497190988,41.74015206186944,62.22206665863199,1,57.50291543879108,5.2748762012443215,115.34405507265191
71.24171706848107,23.530588584328736,75.6701933471581,1,20.70371718310632,2.206189579756078,138.3684704898694
91.77121620092647,35.096274563506945,76.12912057037742,0,59.26974464402425,5.535623228397213,192.25293663508924
46.83660068726441,39.94330658370535,59.39125829576564,0,37.06063093911533,3.1753194372191653,92.90343466690896
99.02434007961297,20.630933646206604,50.211682449702934,0,88.03681846399259,5.259149225442927,252.97125297700455
37.37602445403095,20.01633476903249,99.65352273004142,1,10.083873976739113,1.3334837234702852,65.48459805518986
62.118685318929316,24.987632873240212,53.5159280813518,1,92.47026678255037,5.824187980912743,143.97427350054494
39.77417764697248,25.188523405142586,49.051732293255704,0,61.04504886617183,3.2446446808251492,108.41797099716533
67.29656052900519,39.01060779206179,71.03377318198126,1,99.95798180879166,11.056758352812599,134.8089756976108
48.81858475648131,40.688826306851176,43.65666906499841,0,77.4748668776646,4.268656573584794,108.30803543771775
71.95276571364317,31.70825464834534,91.88421934919097,0,9.773085933183303,1.0429193534918,149.62037967128168
61.848596762891624,30.954465331208613,97.13443159842389,0,80.62070323059191,10.462088210171977,120.76610737223376
54.58301604979376,39.33452619455624,103.1972692062375,1,31.69972626585447,4.530832329889344,86.03746030798094
47.278879448141986,40.03614440557384,61.367486152365814,0,59.00416535825429,5.149933131819179,103.47622620913236
87.80193923481876,40.8766486363755,104.18841444690378,1,11.285692939271842,1.5960109474246718,137.76986904200203
85.28297768268402,33.11839094153581,92.01952414679594,0,44.765317125491464,5.122666394175205,164.94385696491585
18.527429210561753,35.927367520611064,77.78339362827754,1,69.4574969878006,7.483519996897733,30.628388915438403
87.08928497632856,43.6790365725062,100.78840941568035,1,38.289258750968756,6.425827325709042,139.43810319035614
72.63967563110775,33.5755357716691,57.75087810915085,1,99.06034037825225,7.747117155850002,146.4310318065512
43.897608422426096,21.973485073663888,65.423850923499,0,13.454022911352933,1.1952397047222314,105.48205364913869
94.8146958773081,31.32034285527292,45.87928596842793,0,13.77425017058096,0.7518966941341413,239.15672345500616
65.59309090078436,23.761806775149935,107.44611051605868,0,91.75710464003835,11.233179456886495,133.44699983259383
38.20845264286358,24.42981252527978,53.54133893096915,0,76.91957089636942,4.528482486415542,101.61940648513591
15.584626788670192,25.311181929886825,83.08188751307618,1,73.12645400485839,8.460899291736126,38.75752707245243
40.081149687466294,27.47142838147577,38.56457428433488,1,23.10793414207273,1.1088249075764793,97.29977304499123
44.079147773405495,30.748940494495542,96.47593368440548,1,21.46759003265168,2.830412129793732,83.95022450821561
95.74147180091646,23.427236451968913,88.7106504642033,0,20.61852526249348,2.0584604555918977,203.64292548626906
61.469132976131064,42.560325832152586,57.51661492461484,0,6.441803817248555,0.5311995282301347,141.76466597225507
49.9228528064422,34.01449522502622,105.41273415733043,1,83.5223520481891,13.187766906112659,88.25710071041658
23.878634038512867,34.421434528317505,67.11853585335099,1,13.75595605488107,1.3315832142672526,50.47146363303016
81.59750687184682,37.4926301524869,79.35552219076015,0,55.56772821538817,5.480259028006658,164.9209166431529
29.664529540440775,34.19935743290201,53.708609081063074,0,28.393195292207007,1.967739793121626,66.52179580032076
27.266282061336256,22.892532954507555,32.18000095606521,0,48.50325447123265,1.8078705344225499,80.7395948094577
67.18747603764477,26.32145295625278,76.2105403475538,1,90.2856388184239,9.478300579143175,140.0563233820424
19.401800542289433,33.93276438285771,42.48286490719815,1,49.335846484018795,2.948391435855485,47.081370241612646
86.47724038424711,25.5309674111516,60.47930189347199,0,59.76488156798662,4.58886386454317,210.9889631525359
32.36097450753424,20.41890761230956,84.33593209609354,1,69.9673129243576,8.04821779430792,68.67453270217872
17.776020166682148,31.88990479555021,62.61984840021859,1,67.14521465717935,5.963540518816317,40.71517477153351
86.81329783661879,25.59956364662703,49.13140363476185,0,63.21560437596849,4.0781999297844544,226.4584513547956
71.25110726008927,21.92007620786054,58.37329639880663,1,69.72853625792814,5.916261721213498,160.67257726544645
52.2450209166402,42.481508973117236,106.98091572873254,0,38.71527993122263,5.737616099590961,89.39026161253304
72.44494863384625,36.45399560743934,35.60865117130056,0,32.36050786278391,1.558522137174481,181.66290425287286
59.053474998049936,37.752869158431984,37.658324379551786,1,52.73059228080576,3.036066905993884,132.97975029609992
96.44003075815188,25.511150106135474,100.89454177034762,1,49.13825103685223,6.302637386606267,180.1552966739166
22.76679891313478,27.87064573379122,33.44419221725349,0,45.70350086563557,1.9742348897208053,58.41855386794227
85.08007899638667,23.660906415070404,96.63437724593824,1,94.60160818132208,11.375194036069642,166.74645003145534
57.54057184867104,30.84426415045044,49.960246374619345,1,53.83906704236967,3.5483886197439207,130.29916333345304
63.70858705261633,28.130279906905283,33.14155313933219,0,83.7063727200479,3.579346257107917,171.758309849204
34.881239175137296,25.2721556920197,98.5753325647671,1,81.51585408936802,11.375320010583593,73.99406879062906
49.01804344722212,39.582449573901194,51.274276050569505,0,79.11798050588452,6.133085447617194,110.69469456190585
51.633631663269874,27.61231331872377,45.847641337623166,1,64.1615733077849,3.6950016576222575,118.07529800549511
41.11339544680803,33.66146354320311,63.37547348516612,1,17.3976200911325,1.5730302174995074,93.15094156535763
76.55976654701568,37.2601430477768,57.24358683839175,0,6.576285660096799,0.5235265035762783,171.41310117353217
66.20820256715996,24.075477845372156,48.70502664744513,0,83.86434338480223,5.3903408744516375,167.9340454499841
38.79087544094629,26.942977183771095,32.87441457487784,1,9.809134865562042,0.38679309753735125,96.67274667558907
63.78573861586589,29.822377722329474,32.29219420621236,1,94.9418233415018,4.399576842372546,156.77424553595625
74.3058861420299,29.102819375262484,75.29720126020932,1,56.69887293785171,5.501053620285461,149.94658115023714
75.30230349388785,26.787300063567784,102.3394633126052,0,53.752392956893985,6.308560530413865,152.99946635765232
28.883615087569865,25.544549454807964,55.40436638956014,1,82.6440046602575,6.48008302110676,63.812089605105314
23.105678308205302,31.25146598565563,56.996342317138314,1,32.29603806834569,2.423097993841586,57.13378301367316
89.0038799260967,38.97717331389096,88.2023384180076,0,42.48436995529776,5.155861711410933,165.85051221603825
28.716225463012567,34.29989695708982,94.4345863439989,0,91.52625374213225,11.443971391552159,52.24927198964184
49.655840506544145,23.139139465931283,43.70359662573363,1,8.293906901476307,0.46816310155632773,128.70979496434973
74.25891383172834,24.835883573912064,81.32035850050013,0,37.757672735886125,3.570523652250087,164.57637518021843
24.446657523221056,36.202625863353084,100.00944356464376,0,83.47614503208712,11.526033916340293,44.33075719092009
85.0697880161947,29.924804055186854,42.50535765670887,1,55.83947169963328,2.957709181143279,204.4590655972539
57.892617091654124,22.932003695011126,43.5249422751773,0,67.64518139778977,3.6622846334354473,151.54159697095656
88.61863135711594,27.2359880404872,67.41449699879016,1,46.26434232341568,4.088193102413237,201.5051815788695
57.560428696117064,36.121530570374496,31.882599553127903,0,70.46332710608182,3.189371308719347,155.047689032148
62.27620887355099,39.48791753560159,31.296031787157375,1,29.090491114655073,1.3429949526870575,138.8248712990924
70.4279102599403,39.52298390965226,93.31708327116152,1,87.22842640135933,11.121745921576712,122.68234787407897
25.70619169224545,44.47878887751539,83.90711186160037,0,17.832613891447266,1.9958806650812693,51.7089849593446
42.52466386670667,36.52851696071741,82.17882825059526,0,10.694613581824287,1.0894179566630244,85.93951372910773
66.50974221803716,41.23616015564339,33.59974569883395,0,99.70637576598875,4.3770098900309975,155.6464171570134
25.742845904481705,20.696097689435334,79.81858258342666,0,29.566201157804482,2.6748755635639303,64.84849315605454
68.66690271410133,30.659958920040562,73.85161621824176,1,51.79690549607234,5.37793257234369,139.02592942239295
83.50820657374462,34.800421069726575,43.2720819496629,0,52.52646084473723,2.7369054420088754,212.88134149331273
22.639532397573657,35.022800141477155,57.27668571484466,1,86.98585937638656,6.607868418637415,52.66367479103325
99.52529774250424,35.137031263148636,54.630910561299956,0,69.56515232753864,5.470744279667544,235.34928179953067
40.14504828720556,20.027802354904686,51.7563647518559,0,92.80727172549281,5.83986398668105,98.70091098061438
18.609942286805317,37.115654856624154,102.21644083562849,0,57.87495070770456,7.70866597797135,29.291748167458493
26.43898270384916,22.360472441512023,96.52146664897788,0,52.40225610680776,6.003302108773933,56.29726683926206
39.501384059226325,27.46957177635629,101.29600584508819,0,72.65301935865747,8.789904274794118,84.45411069749962
36.630913187552125,20.322436744738138,73.22395254091998,1,89.96841692160818,9.515635290747957,76.8214828598864
84.04194028417906,29.60106595977751,83.30142891832308,0,41.92900304827194,4.156426326533212,185.42310294815817
23.072048394412004,27.872961114722393,37.73158674302018,0,83.82367230055432,4.276718551915682,58.74166902778492
20.593999658699,42.282955159007464,67.1051399782144,0,36.05939731198415,3.273263900889604,41.542233015937484
49.22981628453762,36.81268156684123,84.5753351404079,0,70.99210841696666,7.838077476941617,102.75450835119112
25.162769808924796,34.31607132788962,50.53947970478064,0,87.92164504873813,5.828922370046088,66.29305591346157
77.07118111001355,35.47931838414592,44.93119518381461,1,77.91238890611702,4.819394299659884,181.189904118579
34.76601318777267,25.6508299197163,74.0840762635946,1,15.264233140758675,1.468757004320222,74.73752640882614
64.77291694743066,33.53436052268596,36.88257256263546,0,84.079632423974,4.422951197133881,163.90156441033048
19.087846385023013,27.39162598179048,104.60356714819608,1,52.32234463706403,7.537768214179051,35.369113294114456
36.446513800923405,27.694272632328726,79.0910322391507,0,97.81800927179172,9.619335920979166,77.83532139843044
95.03403248238438,33.24284915270919,88.5910757278044,1,10.403732788876423,1.3618764746653587,184.69208915606828
74.67913359967237,28.283805468407927,84.05303217656584,0,93.41103525343618,10.073911306504485,157.2932363950335
61.79010105374994,39.75037103899705,55.438604107226794,0,97.085572166997,7.230358012159003,130.3519522450939
20.27312490844643,28.482631682739186,70.47453234556468,1,10.804943423865067,1.0210960981056068,44.73511708387195
15.015854894506365,35.34948640683484,79.3142541897496,1,66.58217953674537,6.889966831562214,28.693982489362103
84.16648421638934,43.512598821985065,81.90123089275087,1,23.775725956157363,2.7997398253454713,149.77881324363227
24.45274352374859,41.704232383162605,53.788922504677785,1,42.21553280341643,3.202731616142129,41.433418327625816
77.42108250183857,25.220773387364748,34.68522442276271,0,8.986586977145258,0.36464493244877877,215.32029579899685
60.04747898682075,36.95979713757533,77.42167526961478,0,42.649699422330954,4.25559764378233,118.67157096349945
27.194903846531705,23.786138048383933,64.62171874734551,1,63.36800070597577,5.396895855016452,59.21353174125772
57.711724530289224,25.019274368916964,55.20082979013853,1,64.85884705185802,4.945964097472469,126.81001170994531
81.59491260418775,26.92673124283499,105.27041356473634,0,35.69447165830204,5.0443000004118,159.72380128820495
66.28340667802296,40.042107329782624,67.5614932276507,1,60.16129646141524,6.588441386467642,120.64241773749168
72.14130842000655,32.031948780480924,94.77400290127115,1,63.70349818539831,8.109835091201328,135.6594997379357
44.88109210422433,35.25943738295819,31.928815472693344,1,10.183713786856401,0.47387527319378153,101.39819878147536
91.70427846940736,29.580384148681294,47.30662221046616,0,84.36039037700338,4.704702729007359,226.45270960130765
37.480104416711214,32.588674537797154,35.4487219778818,1,83.46356931225154,4.233893560609218,89.9707882064987
81.67446522308776,34.964074830444,63.1312854572533,1,87.29778141830722,7.32741375979252,168.23689751995948
55.658515941997244,20.52552766815543,95.56876424526399,0,62.41413537290325,7.872466989601596,113.69180268220296
59.4891165283707,25.669315632991143,83.32175813544279,0,64.40634617190213,5.8505589766483315,135.1227872549541
35.753736740873,34.95022793321874,60.80820822584237,1,53.61220747589658,4.629920804386816,71.80835881730201
47.53664853425845,40.97866520176881,41.626135393640325,1,5.696744329437126,0.32262809512811425,109.25328111697391
99.5394690679971,25.046045884093953,50.64831433283747,0,9.626010597993329,0.5382601084036729,274.0805944706974
18.74559823348242,24.6319212583385,73.30160887533425,0,47.863353187818745,4.082308390445367,38.12919377232113
53.38307486147389,43.423196593278476,108.72252114233041,1,16.71195903339995,2.798967919965808,95.97837913038694
35.897032611939025,28.95349291322861,109.16042667074579,0,74.23469111437471,9.19273695200004,74.80458587876488
29.439170524380486,21.385397211056112,56.49171913313198,1,51.5161872230431,3.8419095151583758,60.86167409023794
17.040428811815552,28.38429015543656,44.16658043178319,1,8.935668437841837,0.5782600731357641,43.910574208729216
24.754055950176014,32.26021297963783,43.56032734928469,1,22.00800555695046,1.4119443854807114,58.24457687846769
72.59139344062095,33.67322189963692,68.00718982934144,0,79.25509301505848,6.940383260286774,168.1933943651889
86.71917873891996,28.123069860166034,84.9836450066014,1,83.90916224102017,9.0054597877206,180.31522111259164
48.94326931693392,30.241821732312978,108.25765348212467,0,6.584202281534719,0.8452321685075984,91.51562815069676
77.18278016269639,29.303005381042468,71.75074625263545,1,87.31020243627151,7.722388248027804,166.34476830358764
73.82429700837831,23.499684418044072,63.265485441472876,1,69.19732282504626,5.89536355364403,162.44909773063267
68.78822190622809,39.22300111427921,109.52653237164604,1,20.079992520559404,3.5482157803733116,113.32021509669606
89.76612722049977,42.67604901037554,109.32262206619092,0,38.665832383682854,5.733686301290684,159.03266489978682
65.06670773337748,43.46662033233431,57.988350734468355,0,20.338494236102807,1.6671519664358572,143.92761126396826
62.045100977837244,34.25717346828476,46.80857543298814,0,83.61238045538897,4.879392673968111,148.51012874484397
74.44385463147466,28.26402505765727,89.5789382263368,0,80.64314289835679,9.372434670361923,157.80000021502374
66.85917337307994,32.204441882770354,40.65457005340187,0,91.63616049896515,4.371732333919791,167.093731514706
42.11883131824039,30.38785157655165,102.64120714999794,0,74.78778856750083,8.783582267819167,85.88902249370364
64.71036396099223,43.53685593765164,43.95274136891996,0,10.785683644451865,0.6110626344643072,143.3224051697825
25.65690468487923,26.340319271492707,81.36692058819192,0,7.143628612007987,0.7579838006478513,64.34009720694573
64.05495200297206,42.26646138654606,77.75561787305381,0,81.79751381888218,9.149929498401974,120.75912495692126
42.83078149234308,24.11551283091262,44.49374806800161,1,28.451417621594626,1.591049152922062,101.80184481296246
62.18637187402102,34.699790736595816,64.1199797793489,1,83.99637470207823,7.162958038963472,133.27673455805314
75.76646039776166,34.474441163853626,31.16871976871063,0,82.12728178098608,3.0358386268403112,204.30499580151368
70.1971997201129,36.72191327601713,93.89246242853092,1,30.269780843802508,3.9775025883212582,134.08988957964306
71.31827300779673,40.19294549953699,100.873119639794,0,93.51533831506828,14.335642671811872,132.0187498621214
76.21338417912992,27.18053023012877,100.38019218354749,1,35.37560356373102,4.2859314914249955,142.84602917352876
45.308562705819625,42.793146922819396,33.22311565876337,0,34.69681236628851,1.6003061315740967,103.40008653677079
32.82367358156707,44.41402558307261,81.64820616467293,0,41.6642535390081,4.751794473544942,60.07182177768558
19.629614026181194,24.56145101631225,107.21677108365881,1,59.63075447858739,7.834221586398024,32.4190025424959
57.878755041895204,27.804743414228234,64.19732225333513,1,34.760315275157986,3.0540741112637124,131.87687301553507
84.02659693573771,40.63028428149077,93.6046414084905,1,90.21455248961905,13.530679853269797,145.2371533692575
30.539138025834202,43.907297037834034,60.134115234357,0,79.8571626911385,7.404733961781551,68.17604710019222
22.004507608265598,34.99919645652665,68.85174922674217,0,33.734300158839616,3.2858424011659944,45.00292249560125
87.86462967643224,39.11627375962184,41.73560912121452,1,14.26323078406815,0.9426081647541077,193.23710931077827
71.89534366046361,25.781998207898887,49.48569006917055,1,34.64608424194196,2.374782891662557,173.077485461976
88.22053391811897,23.432500817889256,106.19094019189797,0,69.8519974791989,8.562673889107813,182.7329003923086
83.27581689650853,44.66407785286026,77.8271989476548,1,69.38370791412544,7.959630294948835,144.9642278051839
89.20866749629228,24.221461584259874,34.29078332166647,0,96.14985738076413,3.7621561749723327,254.8664555901525
69.06402409882577,30.044828377735612,76.22623772091485,0,62.40973331283038,5.949809442285207,157.47041748697197
85.44026362453054,40.73906789207625,86.7511057459509,1,43.21125481047567,5.587756937734119,153.82582857480497
27.069512044927194,27.606046595679892,41.13974756752876,1,43.738913268585456,2.577713113000282,68.19183479675164
19.011719644277214,44.03541549105124,84.33300546556502,1,27.14191712962932,3.6690236492727437,37.925569811246774
26.24447555033825,44.43974900862608,76.61029168322925,1,6.0179532810591,0.7199743781355111,48.84467956920625
97.94119957665927,29.228404845230113,58.575386719443586,0,21.301654871193048,1.4568217689076932,233.9701311962793
25.360487015242988,30.396533485198688,35.05039273663732,0,28.74742463253882,1.1656419711084118,68.06069003212355
71.36743116289274,34.884159253921815,63.211652319419656,0,44.01737831220829,3.901981638843433,155.7114016978152
38.53394740682104,21.151576592049437,104.46592599920913,0,35.48118156123514,4.7077953082449735,78.57090290049985
99.63742842436245,30.881556991413845,103.65531206228957,1,40.759421439465925,5.879603950762207,185.99686135753745
23.95944930627419,33.84558601584314,71.0383479856726,1,75.51776199125997,7.0648245507517915,48.07721094878904
25.230903977848815,21.69011873680958,87.9223351018337,0,27.024922712899013,3.0667929865199506,48.56655854390818
21.205305396468322,38.600714508691915,86.88007695598489,1,15.507341892950281,1.7993159519035693,34.335239301533576
99.51807572828577,25.818208722888794,34.306441992676724,1,31.078133983172435,1.4278085597108927,259.8818657136328
77.82277086940101,37.162848576081316,95.20576805406455,0,86.8373401720258,11.94217968348157,144.45020463738044
15.84240911674806,39.45115766207998,66.85868801933391,0,81.76644262602214,7.238968720793679,25.01321378848411
81.51251227232495,42.16256316604756,61.89139953704512,1,14.249854910166004,1.3944399050079095,162.01436062955094
44.37426479901911,20.174556547008702,62.27847752215997,0,16.578552669231446,1.17364085063407,105.27102778036001
30.71822528470727,30.703879325752997,34.91401034078662,1,44.652504321269056,2.0831108546800876,70.81402981076596
89.45191862499104,42.63247497526289,69.4365577324688,0,56.018924900487555,5.864115340742605,188.2766354600556
99.47163790714463,27.86572272337997,83.92140279071738,0,79.40033593775124,7.6042032600150025,212.1502083105501
68.96706602801883,23.096150667645436,35.642851007436526,0,77.28416787879343,3.0604313700641,190.93401911598784
77.7198352893431,23.47505512997694,65.20568600531988,1,6.256737226002929,0.5380630656610867,166.4643390003782
80.40261925083233,43.36988793731958,102.73617089651896,0,81.28322362436487,13.002301605815598,141.53377117875544
89.66534835882175,43.812919742114964,90.36295327219685,1,20.188577519811933,2.916530125529139,165.07346905520467
29.243155840883052,27.757712052613687,70.26761044849232,1,67.19890810735208,6.176675768265011,58.84322787553838
49.127296898014485,39.82821344907641,47.64070297093184,0,8.782086747346614,0.5504489726715992,115.34206252180444
96.2302047176516,43.84081519574224,58.18616434020314,0,71.46167063723517,6.348352433122214,205.94887554153445
57.81353179290031,40.728766007103495,70.65133749321555,1,41.253567415367826,4.61211354885305,106.79243443878309
44.1202420389462,35.69172192897022,45.36128677920294,1,47.77683596399495,3.128359543536571,102.7757706119286
74.20771918224392,43.10182472114208,95.62592705177607,0,34.80179685192984,4.844402262755993,137.01197616125808
45.256410745004445,23.71266954109202,77.7173660330835,1,57.43395430074432,5.556785647693246,97.68375317722533
70.910057578171,34.10988450847474,104.63653004225819,1,71.12758684886872,10.234821873225682,123.70342163965506
85.03980040979816,25.102191528894007,67.52325980145231,1,49.8889670678606,4.263814279545846,176.94721940782827
31.944366605050565,30.309162181867027,35.78215580585413,1,35.0296245969622,1.5586986250140549,81.9383469843185
66.83408473158995,26.02009540182933,60.9445793641504,0,56.82158234700939,3.951999570255365,156.95693628296098
87.15852890546618,29.931786821011492,49.644050075559285,1,34.22951350040511,2.5078095600703927,203.50854818406992
28.744037028288883,44.14580799295832,46.46355015915374,0,27.82084615479663,1.8273894304781837,62.345346119615584
89.51217529635079,38.22174511220853,54.117044756704054,0,36.14462889075324,2.5896050931583448,202.2418728295845
79.58501096641301,28.470587060570185,106.16499573112021,1,60.397143228022586,8.734235578595277,145.23678441995838
57.431910481513206,25.414479640681023,99.81007083887171,1,92.32476295010389,11.809232492010208,109.56717981139832
44.08127100951107,44.038768303439156,65.58819462620326,0,23.082012634029518,2.343017530645343,81.12388994467555
51.622953407493014,27.804797094659698,88.00889279466529,0,85.60481856859514,9.040167218945756,113.17854033577403
82.48448634340735,43.524808064360926,79.85682984544056,1,56.73656762752119,6.320877943850186,145.38649472923072
16.701974527235947,21.56267353776027,60.997317105740535,1,76.15149933173787,6.048783054824383,45.3134890152331
68.95325199384251,24.660495121349364,89.94955493159655,0,15.720102782444034,1.7354175934520395,148.01869598711292
47.34096026690805,22.653139637274887,72.50854654021562,1,95.92780909128064,9.091490067057482,100.97785650500215
55.38352895879624,42.44888040462548,72.00394721963077,0,63.73762588170486,6.701907644563185,112.20162737384221
51.4449647447481,21.34454910443445,31.76686762409438,0,28.023601037992417,1.143483709060324,153.79592496913693
86.32347439796698,33.766511480914104,42.251560006716495,0,94.17789036053333,5.185662436249298,220.64948378028143
50.5547444429463,27.73531987176111,104.9379644682792,1,11.501867378049482,1.7347630171839328,96.04343629058451
25.14738596374673,28.196070947145458,95.25963045008967,1,35.953335481847624,4.298132762764534,58.86084335882887
32.59445610582994,41.28514369728685,36.74114929246809,0,85.51702514019995,4.105398246050151,85.7869342424075
51.579455251637036,24.13749436659139,86.52833031953742,0,16.315120908288044,1.5858379339127804,114.28362735654392
78.5813665194492,40.913272269022585,86.34682527657444,1,68.35810750857466,8.75238880441049,130.2631669056863
96.01520972350171,37.981130014395795,104.41321622900401,1,13.80790702697564,2.1246338994191185,165.279545765679
55.9932900069312,21.43275775026217,43.967188099774916,1,41.07505345805663,2.4808250549464637,138.21152812107485
97.4346034938717,38.19077844249222,103.80830056751662,0,73.50757394889825,9.70919848770408,177.2881682533837
17.105014593972854,26.220475675498296,62.631168680582405,1,36.77204007621989,3.0328844443781575,28.33444322234472
31.792251982670653,40.12935993400942,44.862156375896625,0,41.62758861812481,2.5835035795794323,76.54358533029968
83.43493236187511,23.42112916465892,35.577554066698355,1,92.65128826233935,4.3415209077071495,218.21107160696596
42.870139491551974,38.42831034891598,32.93703547864533,1,35.0197284068966,1.8150436772751606,97.44209606147415
42.59177932336373,36.8188996561731,56.98135168433811,1,63.347693210306076,4.955430289241218,90.30211545476804
56.097337234078324,30.728737298958045,35.9916673601587,0,48.39769143283284,2.3628319235342903,148.15665346761267
85.37799939769138,29.449850965653827,108.49452470350738,0,16.32499206985447,2.0141743145002047,163.47591599374553
19.483235933788478,40.854102705211034,39.437798690244925,1,57.01419898569947,3.6757208612708703,41.07048002786056
48.427226233433295,35.4178176911694,98.8639149532396,0,59.236170106453756,7.499640600771533,91.22335892767877
41.820320356366516,22.665590473414948,59.34386565170147,1,43.40295600016872,3.7530330798430365,95.82455246859814
58.913345307613405,27.115009557617025,71.37675421548235,1,64.92318991639895,6.078295521719563,131.9886729774908
55.971473881039266,38.944414009378946,52.55346844778013,0,14.085866122253014,0.9958136305507196,121.1398418380061
20.429780231626744,27.93472125069713,47.6255278897574,1,58.12572251800352,3.7038523681095974,49.69148707150223
23.464275650902458,20.400703911378077,107.09481509496393,0,86.76344306994409,12.117804885767475,43.7352423851363
17.993289749669497,38.65449096380681,94.16306162262948,0,88.58458605443944,11.714741864635783,38.76110942040203
91.43615805458221,35.58763278118343,40.503037760385936,1,85.27223109580963,4.926577135739375,206.15502512849145
40.33058286146921,35.636951510616534,42.3886059263057,1,50.04500485851257,2.8748781707708035,100.4994260797711
67.41286814404839,21.0083463034613,56.09362033026028,1,28.990387015462225,2.1665892505517133,150.91856724418355
95.92813039049852,28.546644219953777,108.8642927560244,1,58.71451427649111,7.7559917867621815,176.31334323309778
17.92666122873174,31.145638745675406,95.33241945612988,1,8.552714088835742,1.1228390189124569,41.986273608157134
67.80083738649708,23.018665897417,108.1572436901298,1,76.38521516547375,11.882997877057797,119.04722393769755
72.51246485196305,29.085098299985674,105.0544938019778,1,64.70770617243937,8.647493099968734,136.12752748192557
99.78904114967737,20.811276919766893,48.8470582595742,0,11.060482844091798,0.6602472883635575,253.8806072011546
39.03506385010838,27.61226060885076,108.63575036437607,1,9.46428759529616,1.323225284023595,64.2918392874694
68.45419624399491,36.009518666106025,98.04033826628776,0,95.03018682110657,11.712964102401248,127.90043453738038
42.72874309337918,38.90480585266951,61.500411325232534,0,17.66772439505519,1.4087155883500793,95.24407448042076
34.5828643478006,27.231097570491706,59.54833040715458,1,38.705742517356924,2.99266144255603,77.43008805357208
19.878306713503253,34.582681204605116,100.747474237703,0,6.582744768200519,0.8440049882478864,41.16123575681941
36.79510735441006,43.34944935361298,40.48469046434323,1,8.648083346002734,0.5228592679613167,71.22363162991637
98.21770646729173,30.51841406421542,70.15563241054734,1,49.35341941669492,4.602081221471641,214.45559718002363
52.70288436737273,43.47192437855682,53.595665923387365,1,96.83708330175375,8.2830144980679,107.70030508034522
22.073960627686144,41.57399058282546,68.44479526690145,0,15.559333579414625,1.3498403212219374,48.634630026591886
33.76056980527559,23.961200929747648,34.97640732205528,0,97.32530362592104,4.137754818144486,96.73018452585954
39.72453260968451,31.735171049731452,98.62862268139912,1,63.43113983649207,8.092674607535596,81.91699925228832
97.7271750575918,25.035157730333808,30.76346824537813,0,36.60930026848602,1.4709011549265214,284.2942934332574
44.15727057015207,44.70310189886588,68.81843646122849,0,9.98576245947412,0.9773015955627207,84.6481718715466
74.97730090666491,33.03877459777418,39.971794319425065,0,31.773375313069838,1.542597839589088,185.39983556561165
18.345759784677007,20.546167799655045,91.95884824958327,0,22.935432638477224,2.598407877377962,37.75217813559013
39.671683956665,34.048381337991586,38.95476625078314,1,89.86392690987165,4.880869972984637,97.215067043768
60.52111021331285,31.924584815441346,61.1366894898751,1,91.34221360030534,8.179874024721446,133.71124341159683
19.865118948928796,43.2749654928146,34.04059139062453,1,31.47596001320995,1.7931094923177007,44.26695692089976
27.139215880193724,34.49573940119313,52.60402140149111,0,83.24633150154364,5.994417613412514,70.39067087390909
48.342698529501504,31.188796377651546,88.40013768646892,0,53.49371247791193,5.7351182986933384,101.93972249025902
41.89885612432538,22.174175506398328,54.25758270754004,0,72.72382508774997,4.764504762487485,100.72861843831802
82.50549935196061,35.63040312578595,105.01118239663217,1,13.675944761687921,1.9196550391898786,135.84026837926078
96.66343573556522,33.438503591008654,31.135730757737896,0,55.74327113289124,2.3435518497660013,254.400385507735
88.71007512836493,43.896078679379094,48.93722446758958,0,43.53629964748756,2.8386284641238726,200.3386632428083
98.08380787062661,41.332929666664654,69.86664226353898,1,10.609763723535835,1.0665546637852832,184.85886434548584
22.69755474607824,36.70008126857535,40.66614530740601,1,78.35444262350462,4.308687636113382,48.801151997828725
47.68384416503265,28.673973759439647,64.54456760862217,0,8.07696808871953,0.6272797763320093,119.75945795187897
43.728431789936074,37.63725061682792,45.00035656951843,0,52.9277777852094,3.0653306496109156,104.858559708581
15.772397970853387,36.207438182470035,70.88750571779184,1,85.25577021287388,7.9779321640266705,36.07293482164301
89.1641959054958,26.10368901267268,66.00878869480238,0,73.21134692206515,5.713070289587968,220.86118992236507
22.85820894815066,31.447507378176784,61.558351267108605,0,73.2259550182488,5.325448754680827,58.81387883316037
58.68621296871018,37.2530779420502,96.99596760667694,1,47.12671476942418,6.411962389993655,113.8213499156317
59.71799112638107,37.19423015914337,51.877961229998384,1,26.88032634487337,1.8680380321428933,126.80511076700263
78.52029239258783,21.197846697833345,105.8816262011132,1,23.264502254468734,3.187519918975033,144.92009640749146
97.86686318886997,30.277835424871213,65.57702214866686,1,65.8973614753587,6.233702443775211,207.8487940859955
57.16363171140956,20.19416605384922,69.36736082800783,0,75.26021183606555,6.186252412454193,135.73593908508295
86.5378706411358,20.758845138325107,97.50502909266449,1,34.41854268812279,4.9308182697000476,159.26671096460854
20.858869641445132,32.08874626975923,47.607205283781795,0,56.75610310122935,3.212273316452978,53.5079075218963
39.62687861774824,25.9687942771506,47.08342835922731,0,73.62908152403674,3.7865281790188883,98.83668446100883
88.62929759918752,41.78964707156016,63.467664599500644,1,27.957597477822592,2.4536993724346514,172.95763472440888
41.9368517062531,26.669863735845773,70.4740640117115,1,13.69131424680858,1.3340739811369076,88.16094136086875
69.0287198844034,44.82358664457268,92.21739912580405,1,36.29103058369719,5.398080766681442,112.31578061505661
80.13086518463221,27.602365899282095,94.93016115558828,0,82.52877352685483,10.579575857249107,173.1031236008939
53.926873231610514,29.919733135364606,64.49683878914631,1,31.093257629851013,2.7129424529835147,128.9773817833212
43.37101075093281,34.48283506971152,101.12004886517327,1,56.95371150980613,8.522159301995824,74.48871757782588
53.18779346957912,27.411122193603827,104.37196861610627,0,52.89261998225164,6.5439120801406565,106.93305774146125
36.93914966974025,31.59963543600952,40.66274064657385,0,48.23218537443652,2.3400090573710144,100.04709705049845
40.653004748198185,42.493576960221795,80.27255661127919,0,66.17125592143765,7.98989910996308,71.39615357035683
64.07503910367176,36.160184380702226,66.6690783541045,0,28.921642774833742,2.738578962547899,130.18752011732676
37.534626285287644,30.800263973259067,109.9239598482916,0,20.518672725599867,2.6369656327594813,71.61903797446611
27.368816036925526,41.928189047462546,72.2551409405085,0,30.378686637711684,3.332873705037169,50.04057761794317
78.09539432238526,36.077608815446254,55.25947219872297,0,9.684353775433344,0.6787221805209206,178.91667874990532
26.53122470863211,26.501201006310847,60.804644457516936,0,83.00853034843298,6.724946055900583,67.41135372964968
63.63461675162043,43.30870354084277,98.65654327816239,1,37.39138749608391,6.219106792206358,89.92111040747977
37.401875757226115,26.97826176935674,104.45378044499186,0,99.82899122823368,11.675809421863077,73.3573870144564
44.56150425915541,20.54113903367459,37.34220851769407,0,66.39944369745122,3.1996612674677394,112.58549318158704
25.909743762249057,36.25467916114133,108.59860644809983,0,76.42048579988935,11.275657856739945,46.45809926760644
20.460278947855702,34.817401666071945,96.00282553142401,0,45.55499914321375,5.727612657380503,39.17513735003558
93.92722029600155,36.027152589553985,54.93223333237191,1,93.49050429668466,7.150650547806261,205.8670367081875
78.71137295879224,37.488356440388095,54.55448583849861,1,34.98850571058627,2.5741494527318936,168.9388076731484
70.71834760691956,20.994928183391313,77.81458684187672,1,72.99491300902555,8.38015794885022,145.064928901
88.89494558434953,38.420661393787604,70.08321895876827,1,45.02358375516964,4.952541530319152,174.9685621089449
89.55523975129448,26.07949950660565,74.04565076330914,1,36.72073479502262,3.386817923188632,191.06846901413695
76.2616345222677,32.850584246912746,78.46029844167475,1,37.52753671310666,4.153801671721102,150.7767744012064
22.765025631502244,38.916163733809974,76.59480615106366,1,87.61356348456486,9.292066642103517,45.743073878876885
48.710198822838024,23.121751922648066,72.03561010897437,1,59.41317628525985,6.011971815122166,104.04310687620791
42.772805698333855,28.740359970193055,77.70771979974208,1,96.8230972627386,9.99580558101331,91.55056412015705
75.82776094260178,37.17353587508776,101.4490993057978,1,38.48569945961836,5.251567537748368,128.18400369097458
26.03784614051989,36.90489365891348,98.68800855859986,0,12.354097438551305,1.6414179164059866,42.65697242954571
66.19178570206687,28.05812061173562,92.15149985638982,1,71.8113366345829,9.429810271819305,123.0269368231076
19.778181964089672,38.68801591866262,98.06822058576763,1,33.49415653081604,4.374269142290424,31.711437331839054
96.08462396474475,25.247951143701286,93.11416191591036,0,21.709576924772897,2.303079769671751,206.63303811936578
57.021518938889436,42.870873749921955,46.93714977183767,0,92.50866861717998,6.726469091260107,125.59620011021508
79.06621500778103,26.33448497073336,101.6061247329476,0,69.9257944399407,8.801523539130395,159.60357095314927
79.16033396079816,27.73656441115456,65.8377325105752,0,20.714914452198887,1.5140177856288313,179.09284148050807
89.69345451253903,24.916680809757683,105.78399995360536,1,91.16362425163315,11.679892114155892,168.86065844976312
97.30779160843667,31.322084010387794,105.65720867528196,1,54.48414935656452,7.883190181288125,178.19345593891438
58.75665996931642,32.83151261426106,38.577791536678994,0,17.380441151371908,0.89249921232602,142.50544125726543
31.760553467285632,22.44025095272479,43.34788625644621,1,27.500699706671895,1.4783222785196448,76.2572919436268
34.49844768312247,25.457577795287808,34.37545396610141,0,30.279630011044315,1.139078743646724,93.30235694104252
53.72317646915925,42.274347117267595,75.55978068148607,0,45.3544174447977,4.670106715471283,116.34729600190128
34.2335734022236,23.295170747416982,100.96341955575694,1,15.16776775004862,2.131835707000833,63.470883516861136
92.3666705522992,29.57083486921088,80.45082359864644,0,25.686126959232087,2.374407972685605,196.79931402607573
53.18833649131523,43.512429962825266,106.22675113364676,1,75.0559869355766,11.640485552268746,85.95531001598667
20.719192098328737,26.69993167210945,102.97665894252205,0,20.443314563484435,2.4918449561425637,47.43290230113036
72.84765662180122,27.488907990372432,66.61950537329707,0,83.1853395724588,6.454448787055484,169.00704397355616
70.44389458956793,30.129928564383242,77.68348763821177,1,9.38866590415474,1.0095392332519282,142.29649554158559
72.70542366104672,25.919939636404504,36.717005075738136,1,80.53547684003884,3.585800155625688,183.8116679372431
98.08224565734105,44.108830850899665,43.09831663033368,1,54.56467479105834,3.4218980695019074,204.0505033444908
37.15624066079961,22.313213859167977,61.954582322468355,0,64.81994154962428,4.865572681318264,92.71811641820466
29.15577364726795,44.65441993209237,95.6679207410503,0,6.760467191461662,0.8624617313078019,58.386002448413585
81.85298564989039,26.092705297608568,54.47158506092159,0,47.35922888668174,3.2600580280326987,212.27751261917342
77.20918266935257,24.349092647583465,58.89728471806494,0,52.50322197911276,3.456892373080741,184.32158653612825
17.92427271854395,35.873243252943595,98.71458794597821,1,80.65711864887234,11.659108225519969,35.07592251656486
90.36061252770386,30.273563808752748,78.34435358571831,0,91.47058222183122,8.42723075977615,195.83823435249238
69.7161835376204,26.928608796833995,65.9741581746976,0,74.92336304047622,5.828367782220552,166.66848631007784
58.01379885500611,24.062776632436407,106.77965771695754,1,73.15041353598247,10.553741062973314,110.45305646978184
68.73021036283036,30.882318104690853,72.01231152893027,1,5.708998339635843,0.5554273940200248,142.83047400110408
76.03579370207316,31.067342549185895,88.57753650497779,0,98.31432578897841,10.824589382533079,155.2977229172347
52.41532793926142,21.73269432595737,76.25747049786315,0,29.538540767121262,2.9962500523246094,112.44998758244903
71.88780479882097,31.202137182076914,69.03201562234415,1,10.294158641593524,1.058633451069939,150.57535939952137
52.52783347889987,23.26681576033156,53.279951165173046,1,81.07771948667627,5.639846886348169,132.97999912328225
76.08943760768766,34.655887469519044,69.38936389609991,1,12.759577662303627,1.1872133451822744,157.19405086985606
54.37195208625824,32.17070529853092,104.79144372436069,1,56.57934222648614,7.624611027644769,94.20148880909929
46.944803615674985,22.478652806940598,79.83632353467054,0,22.254985078488076,2.0994780003383777,104.36797214248689
87.5158946123701,43.33951140016723,104.6081766002915,0,54.1408561266595,7.373888290565903,149.26384556408587
98.68895119196961,36.660182617372975,52.832325477073795,0,72.91535161734241,5.089340553615649,231.10766673159324
15.413814650717775,30.316956209478732,38.03660397447747,0,36.436902749118545,1.6633733302966092,40.761974674050464
98.98118677556083,29.734744491671837,88.6090159392319,0,81.05092998704103,9.65023330514971,205.9026903676701
32.57780246375225,43.12661391117638,59.2890494343001,0,96.73293398118399,7.872163305046715,69.7815933062824
43.77308475116519,20.177295319359274,84.42005506642992,0,43.7540927449449,5.092513349611554,99.89801330015362
17.678608661987987,23.040131483701426,80.64681011969907,1,40.02888976973036,4.495867298809618,40.49757883445287
83.9294913771719,30.008915670995766,105.77223488050838,1,54.42203624788242,7.108652187677748,153.09396555441202
73.58041988633892,28.53673516521106,47.24878121944358,0,80.17451785970336,4.425014881508589,186.258719231221
83.43513274414651,41.25331836712592,53.132026756332074,0,22.374840041523523,1.6808223416477441,187.3985162663622
38.25107246516464,29.99145005214384,108.62880942843364,1,9.235868809743678,1.2676991077959154,67.97314140815867
16.191233989714842,34.171460832352366,104.58135071367778,0,61.939065777901256,8.217408108555212,34.86513134966722
71.72320722175394,23.139552567754016,91.24346957513622,1,51.10261023586296,5.723749881783699,144.7595261255227
70.10184109661488,24.309659052629154,99.7915650683852,1,62.738951667654284,7.4899463186517945,141.784286237501
64.71912598819134,26.655787537470257,32.507413508709334,1,82.69309698878811,3.8807521517457637,173.00379804040844
57.65891013708281,31.373921993193427,90.27804843571845,1,54.483806952513554,7.010494296921293,106.7337531475654
40.23613231278365,20.015687915711403,107.0475304718242,1,13.61848386104393,1.889372680163294,76.33249654193693
89.35511531708944,23.222564626837475,87.5997442101957,1,63.53738169519674,8.018206981541164,181.07028111844485
23.21444965401407,26.854100941807502,55.604538150823274,1,87.99941328327114,5.9770161195251905,56.8540097384607
88.6606335306178,34.83938136035745,40.16883926936192,1,47.87209183187579,2.5276855316565614,212.10486740157143
64.41228667662953,21.973246375960308,45.33370550642195,0,53.784197340468154,3.2859119372888452,167.27168963757632
60.533562488762534,29.8547623649977,97.85625028423163,0,37.391823528936044,4.885265558023285,120.06679502171215
62.10595033540725,34.69755812237036,104.7632196497488,1,59.41338842502536,8.385927058974374,107.22300351750846
82.4861822008252,32.162069143310575,56.72364387359677,1,97.94142672933854,8.13726047863915,182.101115683988
29.4957341563492,31.18376372514064,46.83677377412274,0,35.69879564154464,2.1492865657238944,72.53603835977823
61.89555162169719,28.913973029422216,65.78422050020805,1,36.232212117672745,3.067480926428669,134.1308018344547
38.45565039336094,38.27525872848708,36.129792159376215,0,7.009233218194547,0.3386516402754456,88.97286375487353
80.94853054223688,28.468323894360786,75.09896811563196,1,92.12229404963226,9.431866593733673,175.57559548936177
73.08274082335704,24.58910285542332,95.67353708904002,0,35.3264032896879,4.403036517084108,154.75938499640083
25.76415566906182,24.462994731814966,69.44241001270419,1,16.738816303149736,1.4005520656158876,64.63523848196957
42.33030575125897,20.866267745350427,40.17799095496086,0,71.72787850265686,3.7156614797307506,115.0077779964336
99.07565212424234,26.626182185232082,83.76476021293884,0,24.197688928219474,2.279082075010716,224.4390714408051
88.55003753208709,35.07115950989091,88.20291417841142,0,19.370107023954212,2.1594947748001396,175.40857951217413
46.95755386397683,38.90775242450735,73.1729431122522,1,34.78034918541279,3.847600149476978,96.77894362154072
24.52099561079748,41.236610748213884,72.62777058266079,1,39.358277903529064,3.9688705993661118,50.90981906300302
89.45430688582742,39.57900072569757,43.44944780781801,1,7.609703438733561,0.4815144790353492,191.3206092324913
76.60689287146282,32.633841705945656,84.3977368071501,0,75.61852507915118,8.611257505001209,161.98440237669308
26.56477992668965,40.90197251988202,42.382882787688956,1,6.505925012028248,0.4332321806528818,50.854868556567205
63.154044074965555,36.23857396509151,54.2098546343004,1,64.4549135233257,4.588452854509601,133.9526247767693
86.09737767697048,32.79846576704819,72.1606099665227,0,88.8288727121599,8.410656872395982,194.83061808778731
58.15893290832647,32.47771645269016,38.81138263351731,1,7.088272406914177,0.40639633881761694,134.72263825043353
81.98298771387688,27.4303528461274,40.85012928058507,1,13.789079012393973,0.6880802375433728,204.1305863161997
37.326927503091184,39.18197943789075,104.1332443109496,0,37.03518658859715,5.180946686499451,72.39205167261652
19.354065194366626,32.41288555576512,39.86547928602338,1,28.135192195455947,1.6961754535946254,44.637301357129644
59.216541656530275,34.143550651772536,31.224846930152435,0,80.8530829798631,3.4436011451258524,154.63026676515236
31.182451835247953,29.168047714844977,38.46440198852114,1,21.76177819468328,1.2330751354639482,76.21109057052743
57.77022919936429,32.332020683464,30.31679544097142,1,21.577356207805742,0.8878717531350923,142.13974235810846
86.66731352752836,36.105325399740444,82.05795074670402,0,42.11588602459013,4.760503685850327,173.13862473568219
76.98293062257251,32.50726296695449,63.212454084584834,0,20.844796842449046,1.8010004328461158,172.91781311730998
76.20946334877038,22.153394288725906,67.1047859739501,0,32.280652687402956,2.5813181228736886,177.87491196147826
18.16384488839298,42.940017406547504,83.84890784996229,1,25.468976191194354,3.0164237278025694,27.4824417578552
87.38065961132368,23.91532037231625,107.98080650689562,0,90.7876479818171,10.823376360391476,173.98775076058325
91.45858503318634,43.52199765853712,83.66919096015248,0,11.23447837689267,1.3501110139096542,177.77809499835834
65.22363272858473,36.3182030944306,50.45329786654516,1,62.64532510302699,4.878543247274485,149.01816991314786
58.25524668981089,21.561106874348102,60.71576071233242,1,59.037209961217926,5.158652051772316,130.86367102429443
51.72988012816399,44.16476925558292,66.17720800813744,1,75.73671271649222,8.45946319578884,92.23072497202256
72.12446594295577,37.5539191299226,59.73815876931685,1,79.37774335446937,6.837643974766384,153.69776295511903
56.247673099122835,39.44773516871342,60.58906648493023,1,52.871737411157,4.289185237698101,119.60496806261615
87.13155691139627,42.216052845912934,68.70799760265785,1,30.596747398847228,3.05145810476638,156.86663880094326
94.34011579699366,38.08836433327721,76.1749340978647,0,13.015235161657978,1.3952195129727059,188.9935210108602
21.52148895376194,30.657442935085648,65.38683664401724,0,95.32074775520381,7.758103284948657,56.54282359577777
54.66806824562345,21.317744746335975,33.00529836351845,0,41.70497302799666,1.6328861420736502,146.97118618041566
25.685002053529832,30.360851174208285,90.99556175512801,0,32.19658690063439,3.5170791742989653,52.276864368162485
69.8451997870332,36.27429363046361,95.96136558399434,1,83.39862333195718,12.391220383615616,132.46519688785216
37.80128050839642,44.98340699958761,44.0267393101488,0,8.565222465521297,0.5504648796211964,81.59746144177132
93.26552221906641,44.21047826251019,73.24421403111393,0,92.36531626266705,9.31238349530313,186.37204960298797
92.01162103877087,33.53992306996217,80.35389688936804,1,60.303756267400495,6.620997073807518,176.9012066319469
28.962988203753884,32.592985864748904,96.41623074766096,1,63.46788493651857,8.00838787041076,61.16028442055742
59.69047861807417,37.95254344890056,76.51631583428994,0,96.94713376537875,10.838566932177523,127.31075404208772
66.04545529754526,33.25130848030952,32.2272841010069,0,89.74559171992094,3.9320750051949998,177.0520132980598
37.619176274390426,40.829791494636346,64.14322977551355,1,44.29822474040466,4.478834610979479,73.7476253349173
73.93907254146875,44.766068429304475,52.23129007902048,1,85.65915712196669,6.866266922157022,147.8211759968027
61.64628803735599,39.90714207357002,76.64541475377149,1,10.67741604694652,1.3134400450668722,119.11583716429223
42.97127125416187,27.864690835351663,70.96708613589311,0,76.07003844931148,6.2749496326942165,96.39613954238793
25.677327118280054,27.775175091772184,100.87376915547401,1,91.96453913933682,13.003710653034437,45.69838013391708
57.93482223824054,44.709264168039276,67.22220250207387,0,36.952844037980284,3.6302776591784287,118.43538965862875
47.91591409729537,39.61014164021,69.43170284676822,1,73.53766992540935,8.253282622296972,90.08542724303861
89.9390046799099,32.87980565345534,91.97220958344141,0,68.25648779054633,7.929645502004708,186.03759742119271
36.45414577008285,36.42038077721122,45.85650121884157,0,56.22341044209487,3.7703979374756065,92.71600377276111
56.15811684454954,21.590035909444936,74.13503742451694,1,9.711383280908182,0.8866604850656812,117.77655872683054
66.05156348091052,21.56199403394552,87.69795739991332,0,8.902824670777752,0.939523282227847,138.43110903838954
37.54442441272734,37.15227884858717,105.90323981535346,1,51.24134959346998,8.206734508049129,61.61526420932288
37.21877190763357,43.66496431945847,88.10428002950543,1,83.2701562543431,11.61560732148534,68.88377841860265
97.36027375981475,37.84894869661929,103.97268876657974,0,64.09087293685316,9.09623334458812,182.5625193936003
68.5391540155702,28.99473533454824,62.464967376021725,0,23.50984670725959,1.829469747007469,167.4825264003719
95.79280273507646,29.59022600887896,63.949762084290775,0,31.310688721837938,2.294830488333137,219.73627188796792
48.03735380703079,31.092536175741696,101.30511484851645,0,7.454702360901063,0.9079531848359915,98.53224110023824
81.34004676231316,25.029380807221987,36.40507220231725,1,84.90519434919266,3.635201610237799,205.6737203729285
62.567432729801524,26.983629773280665,57.90963332842323,0,9.97162144356297,0.7466661633127929,159.66078509704616
86.86841892144764,39.97705364429886,70.67832282464208,1,64.90282293637355,7.173425686399487,167.35370976806988
77.6636340035609,35.68285342525656,67.73590135129676,0,22.756193162761225,1.869858645059274,161.93374815327383
99.87766855977843,20.62043028612873,96.81952481270925,1,39.14913907612464,5.4950077950171785,186.3555792512447
42.719014814297445,25.51094712231535,104.02305558345242,0,68.58496455453266,9.27326474812216,86.37992219078804
54.09506585998683,35.17432790685663,45.07998822364489,0,58.10055782568581,3.3494800581944255,134.17410484332356
74.1908067653076,36.79940344817628,49.25452717807083,1,46.99629024621713,3.2426514049743713,161.97754459342565
59.355624400941096,34.64135838571998,30.679646288576762,1,7.460126673701089,0.31124839087741346,148.79494886017346
65.46012973412567,35.196570602024515,62.26914440210826,1,19.70993249150822,1.7023824542281083,134.25027454582317
74.24610618441235,34.00289957523371,60.91700514623482,0,76.0137322053353,6.117176652702599,163.2572705724754
69.12982446416999,44.369246085510326,96.0482739925612,1,30.714942408664456,4.445693343970357,113.51021345972015
63.35831949680088,42.04272424096462,105.35244698083362,0,88.01049558988866,13.027552996429705,101.66844017517656
76.11665266884575,27.174669986788583,49.991008514472014,0,48.12608913954668,2.8328172767667716,191.8176970079637
47.641621287021444,41.35998783314201,89.91992139239655,1,91.36094157518949,11.221976120882841,84.47031130582097
52.940139251543705,33.76726228676617,105.55709503056303,1,81.67516693035371,12.209519756944943,93.5970820702496
24.923571735347622,23.226628120726573,72.94873172020947,1,79.28359507987985,7.163727227872509,54.38164471106685
19.853054643340133,36.82064721395211,72.43393762617941,0,23.968625113861435,2.2696596919301983,38.04091042388809
57.64442911054611,38.13670421125407,39.05849786073003,0,66.92746889652256,3.747365893859519,139.65133171585592
44.380839521058036,38.582361880601916,65.04893208266361,1,18.147770666971834,1.7953288578709183,87.40817157335854
59.597146068277894,35.98437001356939,57.0399024822792,1,62.92046081870896,4.910183179559241,134.55018130555572
34.27240928636072,35.04953382436131,85.79582625314448,1,30.428501533458267,3.656826668875896,59.77321494614958
91.38073739836246,42.406417911789475,84.85702150597447,1,45.939426969241055,5.573313657887705,150.9300295115812
51.45811155696538,34.63903233743617,71.693897993083,0,35.45392067156741,3.1000637187712976,104.23917198995011
40.17502507251488,34.307095363550026,65.34829664728511,1,41.86555505479091,4.10506076391372,80.67279638093272
94.27437397299397,29.863778232034328,93.41540582795022,1,37.8345685184351,5.098874825906089,178.49473224268164
35.939601015595656,21.58133522246699,40.53676281650841,0,62.709816621314076,3.1693602127730314,98.62533158893791
78.94938471521625,20.441129004465147,71.36050265677669,0,6.531841405360415,0.5699431149537515,177.25362308935846
44.89533452649871,33.58711071457536,35.818900942175716,0,81.28853027290982,3.729732364163851,111.86014357498499
55.99476253967786,37.98948061873397,58.7094952795087,0,81.84156120818871,6.247310179425277,119.69907963386821
63.55309800887896,38.63494347853849,60.316472785000606,0,43.60859724609457,3.83872802088817,136.36380662354438
35.78593765366544,25.683051776750688,57.13898724230936,0,27.04746489728568,1.945237966386452,94.24434597479457
85.01827926254548,41.42572570826445,63.208574148394604,0,72.00885516844123,6.033005023688772,191.9386776937266
90.38147674068661,42.22137745983549,89.65869869450871,0,61.62607345455653,7.134355890450604,164.7331029582793
43.675521660368766,22.242522975371145,106.92349783048877,1,50.03969720501536,6.4186675556696455,80.26875281184668
28.175736730424138,36.611266427331486,86.70394119249232,0,5.363877597530645,0.5902601654489804,55.11253746505069
94.76804943488465,24.277149171429052,39.05947613118559,1,65.73306990321846,3.588461976496018,244.67935150524906
51.88048412126575,38.68992820248606,109.98012507432355,0,32.30324071532084,4.90300107063802,93.86522197177656
40.86614530477347,22.161437678003807,30.11426744633414,0,21.680078875288547,0.7537365459097214,115.47270722067164
20.371003738333876,34.954687498463215,78.14610789064383,0,32.092726620954544,3.5028999159745915,46.88913318746505
91.98932720409807,44.37717924269203,48.58317232771621,0,30.10847651350672,2.006284544873503,210.7013347497946
19.238489002005203,35.08510530550615,94.54225140050512,1,74.99548402746872,10.021423946758313,34.99767054415686
99.08879533404271,21.368624556489877,58.401221290899734,0,57.470542250556406,4.2564230154469,237.47049508631594
81.15883447074249,43.530367353017134,98.95042648946058,0,57.30180355889957,8.590508694499004,136.71195337942862
40.79783227757594,29.96196905273036,55.35304110548354,1,29.680469536260237,2.125195268022949,101.30059561703366
46.044373731834966,33.385333387786694,93.07196247559301,0,75.25009211899076,8.974910685927345,97.55322619240256
43.364857643928545,27.911719601537463,91.91960698352072,1,10.178629541531624,1.2894244600704587,84.86825724180221
19.650704860859395,33.38676436478345,104.85994092196404,0,72.42957977127739,9.843202601047855,44.313177270901555
59.22750822626779,44.38111338209897,107.26163551074296,1,27.239753172210854,4.122644808551093,88.41163937234305
96.78664948362926,27.248119065825716,98.23553627074345,0,53.594935876901836,7.000672295557373,200.4459682841827
91.84966114075793,23.913230335393532,59.331016007716514,0,68.69243320183838,4.735071263947414,236.4680992011435
76.1319741256402,38.63103715431103,71.15619475212316,1,23.394261930568774,2.4104108636603203,155.31379239575986
53.15236608042026,34.97527610533919,35.738827499794,1,46.032260458853735,2.2913685048416403,130.84578252435193
24.115980847146915,32.70422015859908,88.83827106665981,0,91.41073603010885,10.776749291024332,57.28742524621781
21.112070971897875,42.72513972089258,106.6213326540978,1,27.222667974041563,4.163276600032075,29.06285365499184
41.043897860766414,23.807256176691382,51.118041576786396,0,12.87688523247571,0.8184944134822563,111.58428727067746
43.91895452835685,41.39812973978245,64.77425186531762,1,22.160486304424953,2.15914993016058,91.19333764670056
15.415179611721415,43.416532614617026,38.502280925642864,0,19.19294190310837,1.0521751040371639,36.838732826643934
54.14951680904666,42.51900406126831,104.40043022328581,0,76.80920605894255,11.270958511629233,95.77511666869441
55.93507691864582,37.01417103401788,98.70732667314083,1,66.12012388162725,9.024578811604808,104.64650036430932
19.449510166661614,25.77448276320159,94.15311622689012,0,40.83198521950313,5.024108254600539,42.54306232734558
47.26594529810825,38.87651037040457,83.7861447994913,1,63.458044859714555,7.7087094139117545,89.30226259196854
94.42491753855326,21.21160581189556,46.82209423214891,1,88.3954945465736,5.622209064353352,218.86560102049935
38.95229003828761,38.04957867379112,98.95001192126466,1,13.884411741801404,1.9835344796732635,75.0154769171004
25.944127176284717,43.69059146301668,68.01366928181027,1,59.08679003118638,6.0367130344119575,44.744511769516706
65.40352958223173,33.44208804387751,30.37699404177929,0,58.80067361582055,2.446774329202537,180.82785806450104
26.602756027104483,25.716768784615084,100.59960840545091,1,80.10391750565974,9.97780355328806,56.23385441432841
69.50758528683393,30.341114118192472,53.4250293389735,1,95.81810558847687,7.032486649357926,157.2651449533325
48.97616183282634,43.8425906622927,81.36881880204169,0,45.07383437465207,5.43052907614754,88.82151185268096
21.428580925936703,34.42660113064257,81.41023481687454,0,56.92841926804875,6.007884404828346,43.39031461556152
78.63713489633422,40.69812386363281,91.69944592265425,0,68.86685198874945,8.782917882243265,143.2250859252177
42.6846879841047,31.81439632609639,100.19258763161176,0,49.717064995014056,5.947343143943594,90.47209916158076
17.640791070778786,43.67257248651292,49.25700685308054,1,70.91827085555352,5.0068340790679065,35.20624590978514
53.72817730519201,37.64397627592462,95.66721893638808,0,8.685948199244308,1.0528669032756395,106.32460398295072
85.65589343264512,39.169208908458394,58.05141531657175,0,37.880307515618725,3.215091078859041,190.8164302578916
36.1416584722031,20.38745604565476,43.34114150981536,1,23.194525594764073,1.364095468626843,83.47134062489393
88.57982809168222,26.033742595937497,36.2828994234239,0,89.94730506857427,3.7416273473582753,242.74084659005115
87.99392217678063,37.511371635608945,62.14507668813561,0,8.806563203085334,0.8104827750841896,199.03132833072254
47.59589541887861,23.80570534792167,83.33670843171654,1,29.642975186176116,3.3280165399298873,103.52075238367534
92.94169461371153,44.92019281697135,42.29473086457975,0,68.04434847289346,4.376655677833729,210.90010867647416
48.55861904465176,36.1511736024149,42.04887624548153,1,12.441070239175753,0.7819508906803997,113.77739680016755
26.51703410895181,31.189248762699304,96.35430963471839,0,93.3376958179185,11.423004423693374,56.30236493499631
56.68817322255575,22.9936697125133,94.21249953217759,1,57.811641622060435,7.062107273978885,108.96871707744455
39.11836834663876,30.91454304354561,80.70375807941831,0,62.090933524762235,5.775622988777205,83.91263738601621
57.2931170880417,23.871067040505686,44.63383407696678,0,6.2738981178516955,0.3071662881203607,151.94236114603896
36.9139242919837,30.170566184961626,66.80512933980494,1,66.56970208980178,5.477675573947503,78.8241463087641
70.58950882072111,35.464628726802886,54.78776934026239,0,99.48644778608431,7.199205011523238,162.34295294790263
18.66947472335002,27.740018627137502,55.608811280472096,0,9.147788227735811,0.594128442710147,54.339455850740286
90.6286641751073,20.22913875459541,46.11192822351099,1,99.63555085117501,5.853128285021479,213.68021846118626
71.44855704757073,33.20118622509498,107.55531753058054,1,73.43167007076933,12.001738486856844,114.76228602934555
49.68343923623941,24.781934275934926,71.36943446855356,1,34.54848338973201,3.091647361938882,110.21410254822368
56.808764862962576,39.60699537386423,76.7141231358193,1,50.78951718462237,5.289998032822157,104.36870616401904
38.64220943815742,28.112666229223684,105.60979589959095,0,91.60116664158203,12.099698409369195,84.88956234268106
15.431699102936813,42.94396606587902,45.79590536729054,0,68.56008395511004,4.111660044680718,35.89705756469022
95.3910022659395,23.314351937112058,91.97383497454386,1,9.408274171436938,1.168623478897457,192.6714246267862
57.98079038156865,21.928609352151526,54.4956736385665,0,14.87614071167701,1.0954244299568385,145.7760441722105
90.66875699713727,26.75871476238961,95.82081944258655,0,35.252936846551414,4.31535753517749,195.30251029352564
20.95862582273257,41.613533539552094,69.96531707007462,0,72.55657261645216,6.467237082435719,38.41190312838607
88.0785634832307,31.4563328691262,50.99328653569715,1,90.97137861614183,6.807073121531198,205.57318074154568
45.29319244049186,22.523692040901015,106.95105909805663,1,78.19159126527201,10.463409999484655,80.8841215705014
57.62252526432241,25.840619091214165,62.76487418100074,0,34.90648059745399,2.643491914641637,128.14410943597346
29.941624345582454,23.623313177737515,50.381406906289605,1,58.18960052534961,3.841283051103263,61.77282917129458
57.91928834759901,24.410297760697155,95.01863234437435,0,29.988436866198377,3.2500398663974033,114.83752602793204
77.41634906356414,35.89848941853584,99.99901504421211,1,15.697876788175964,2.4519741914755167,134.48513676658868
30.60426832518741,26.3191464987791,62.530922150797636,0,44.93166439602504,3.719054746168686,73.2580830661367
24.13021766207886,22.529095287938528,30.906607456359005,0,94.87718371653898,3.4216463388627827,69.30255505929811
26.183051064345143,27.556917512411214,101.60681382130517,1,86.55467399683498,11.797613534835255,39.86818600393266
62.734670682187186,21.8285627369571,91.17148580912898,1,56.668402510306166,6.685133356881946,126.75212308125239
55.24196935549414,35.32925901857793,99.50408766542563,1,76.59964897658409,11.918753016958021,105.63200542088408
85.16395769268424,21.400057723475005,68.40862623618291,0,20.475752175352433,1.850177406800682,201.72964258158257
87.53863735064004,42.85851106666209,51.22280712688419,1,64.70016874717892,4.95578627809037,176.13099365535456
84.4450410972986,30.219825431779313,56.141847852403615,0,12.528712582343237,0.8333217691072619,209.80555289111157
47.830093600422614,32.12146849290259,58.399609265115345,0,16.984544147342596,1.1789683905315202,113.53006518839592
51.68466797498829,39.090076677200344,109.40781748653282,0,59.17968824351787,8.0729596931097,88.87849174353067
26.942415832618973,35.56373490532784,46.625907316706865,1,86.37817194136798,6.264592138519145,60.62412689528883
43.98671464176288,44.046621858699964,73.79251248009803,0,51.81422785717079,5.091456515093538,89.79317594242903
98.1525644000053,23.963005850685235,68.99742683711791,0,96.79144394205294,8.585588640691023,225.73260641565088
46.75092518671512,36.749248102416416,35.75846547706574,1,84.13444316253504,4.18074510552777,113.98407760871551
82.0897056475539,20.78033900846869,107.34924402347148,0,78.21573722222222,10.005227202936215,161.0756416820393
25.19335800880606,28.018327308616826,99.41132917761787,1,55.548248274111074,7.346669678135805,49.392159915174666
74.74364774425861,21.700255798810513,45.50313040186839,1,67.85115126613022,3.9153924363749097,180.74318626356046
62.062615850851834,24.709625233371824,34.499735545213795,0,38.46934399987194,1.512288314267875,171.69384851884374
19.23138512945872,26.712501904937383,82.33886239562543,0,18.552163389950397,1.8678548662239614,40.37116300298393
51.11042532003654,23.204627757477446,39.83375039991782,1,49.72457471620719,2.721091013127889,133.73624405342403
94.95439993081968,28.233031937062606,33.376037486503876,1,20.406219078032866,0.9995876515786033,244.95085098222205
29.96702380769588,37.917964644191045,86.47923223695948,0,71.92689545911004,8.350644103122681,56.26266223623852
60.95193451760197,41.24000437456145,68.41079517106985,1,19.644014811951745,2.1684887824534327,111.84313028699599
73.99614835013368,32.97907598936351,53.844605743584765,1,62.39652412639622,4.34519703181304,163.60115528576333
21.68930239160892,33.182772391059835,62.222842723719594,0,69.92627627012212,5.856177954844906,57.25941262712337
86.5138761155141,34.49416143585683,79.5148130210747,0,14.000196904037695,1.6019080619522974,180.78620206007355
39.332018007570575,30.595204629339356,81.98911373620601,0,22.401105105687797,2.368851889548101,92.45364340651086
84.0720743224946,23.21448946279173,31.470479182019364,0,28.740663555504536,1.0087772508567021,241.00563750863395
73.70230155286409,34.31019314919413,62.361561956658804,0,60.58239255545553,4.968756818657045,156.22850489232334
21.05032008703733,22.238004919921057,64.70226195257229,0,29.14399161214237,2.4765259211758277,49.8202895814177
56.246726352515495,33.5851463049566,54.38087302378606,0,23.333480754207717,1.5264766176195028,127.99911167580751
30.98133596168456,36.32841833229639,41.87865464042275,0,39.9323082721166,2.0556576000462017,86.62067252610197
41.31870385024189,36.59335901734846,83.26275211750968,1,25.531969843132412,2.879852068089171,83.58139571898985
86.65074941682411,33.01140230348457,98.86486901493899,0,31.56213610128752,3.743062075578865,167.85657294808536
69.33734507041584,21.878573829439663,40.73619410610802,0,95.78574886372506,5.091248310792759,187.42088157130934
29.297942856851037,40.83935274114342,45.608705601936805,1,46.52906997927829,3.0380014033086424,65.93706917310799
66.34042480785752,41.783339808507066,109.91237598104614,1,98.45452612971557,17.88741824731615,107.97494381292393
18.410592722185807,42.53617073845949,74.59434234114558,1,84.47891998492751,9.888592477785801,39.29195242743467
67.20435227710588,28.353575559596553,95.43233414659515,1,34.3045751953552,3.964157941421214,137.2654767786206
87.5786094496423,23.50413583456826,73.53465191814414,0,47.44025490458232,4.1153815757181595,206.1785612893923
26.750873078894852,30.98663435896105,69.70582170275031,1,28.714346919005422,2.9570026268508447,57.99012336278129
29.47202793066206,26.792687971352322,47.01815729042185,0,11.894605814247525,0.7310095567726589,81.13211340383856
33.09225731326038,36.71883136124534,73.43025058886441,1,97.29405389639322,9.881178302002983,61.23313943993471
72.92410981114811,26.340390690964103,100.69867110651094,0,93.39261705177795,12.20735096655928,154.112601408136
99.61610691232369,20.564214580059428,39.02865157702098,0,51.38941606845528,2.4319713832389973,273.0093904274304
81.633930018488,28.115219952423615,87.69274145711017,1,58.23312406328073,7.13638355883634,163.5127963484896
45.16188649160595,35.31710861686518,76.83003382327651,1,85.36669932936067,9.241118041075161,84.0189514238873
86.05451665140318,23.715830389447124,66.4926992895858,1,71.62286749839649,6.612704839575963,183.4733588929473
44.83292803371777,30.116343541213755,61.494550879249026,0,88.115237286803,7.206537596357427,113.5150318991974
96.71344365155853,31.47424295163372,49.07417431627869,1,83.8161615085282,5.907344922618497,219.2753274894754
95.3822506493184,30.2231808939168,82.95758715605074,1,55.41604302753453,5.962244716118293,191.53007872987988
34.80879340268416,34.34069644857269,95.72284623117488,1,68.06020427443718,8.518155839729832,72.78292043898627
76.25238470641578,32.50762890886287,101.52796288849274,1,84.06271513730195,11.355816140187345,134.85129442392304
95.86869166117532,35.55791593121379,86.53748616356481,1,5.793696896353165,0.6707666533872635,179.4842133912805
64.36773053754544,37.85968905093231,103.33144821551329,1,74.75584290041796,11.007256678069579,114.1687250444633
74.98104337928545,32.230747505115325,60.63499058332937,1,74.41450609519707,6.2979621819719105,167.28932493708396
21.304976625516538,24.80040627419872,97.19985785951543,0,85.76633479447952,11.021265025189635,45.712315778834295
46.816009439537595,25.78285455655734,88.78804163996809,0,68.4618479886932,6.876047388271715,102.82229399526612
64.31942523692705,42.60087466136398,55.61449339427509,0,85.52583130337923,7.076964848131641,140.6071399001893
66.21346590385194,27.39556796454658,101.05673545713192,1,42.73275420012724,5.43881248439638,126.4009178279653
53.114666486354295,28.01340417016239,89.55354030506608,1,96.35496937940417,10.804663381276706,101.47369365671541
77.00893892871538,28.682191653816865,84.48400893843562,1,89.52030419430817,10.04154135426643,155.3434081209985
91.60009797347523,38.76672535704137,69.08839407023878,0,55.09536956198667,5.598127315350746,193.7510343652863
90.98767681607649,44.358736413100765,33.700953387199995,0,29.95586443860049,1.3490090662279808,212.5727637980826
73.57718534332871,32.864277906695015,46.01233689994935,0,70.11684962527268,4.4089753807732555,189.23390917688607
83.67473255121409,24.746316506774228,38.81376962029065,0,50.31423196092662,2.4162608480871515,233.52138375259184
18.260732156977845,35.53661056641961,92.23021644295018,0,35.07681573900406,4.438169857651662,34.3205836002165
80.01470055751984,24.36527292455655,55.78083150555877,1,55.14215028808397,4.0257812255174015,193.69974763296162
64.11955192247727,38.73288387856086,107.17523830627687,0,30.355432369383326,4.82156990871559,116.5724765152784
62.21963078533117,38.490542116324875,69.93943260198198,1,75.98634128341575,7.5223086341563565,115.07024410390174
41.03033584441403,40.946034522637966,35.78858061930613,0,18.44451423274621,0.9886907514070338,94.93484237088553
54.26364235748748,41.11979344664778,101.8049754762528,0,31.33954955317268,4.887423395177338,98.54900417604992
78.81716965028195,36.11799943454544,58.4231714575455,1,80.5997394617677,6.564519487166383,165.38851143631973
16.347551356753193,22.299612766769997,56.13512180253987,0,27.521687161546915,1.883904656166541,39.43336370280231
21.15199342150041,43.85329103927681,47.86043208554887,1,18.503381091802183,1.4022260866594676,43.097215258621624
30.0798049603005,22.74090706337966,75.3626226800982,1,18.273453863000636,1.6776659505328961,60.43719053788171
51.08867161080622,43.34197265332338,73.3909248152351,1,22.06630500709251,2.7121027734315732,86.09876257295174
89.3414925327691,34.09667579729416,71.31554735222572,0,68.20091944250653,5.8309492693293645,188.57803695519584
66.3191872261971,24.098293023830067,88.87628484121424,1,99.02497678266575,11.226682070876736,130.77319237941737
16.167320987019153,43.03548337190819,40.289924835135366,1,70.37117762460328,4.014670019369422,34.62717779243958
51.15530218294861,26.180151843471922,89.8700199542546,1,96.33133466365295,11.585378282173588,100.98621518972148
21.880724671900268,34.42929066559991,104.89923102457625,0,67.64520845074205,9.55042444944762,41.36365871033738
39.015973411307705,29.45062373586005,38.235691576022894,0,37.181240900378185,1.7712081972769245,102.00565082113027
93.51816615766512,25.745158535566627,89.96131321254245,0,81.31393448421319,9.546246084968512,206.95562713457343
59.04855682905384,31.387542380480507,32.46596949594962,0,65.65323171195365,2.6051528789407814,155.8360616108251
87.45658549337512,32.5074468598498,84.3120673784166,0,57.14858982743707,5.867113773696754,174.33619345183763
51.4554316647679,36.306600148594256,88.1704957505542,0,18.95494557172861,2.39113552601383,96.9775634252091
37.89557455640071,40.01659853813278,66.30948959967489,1,34.94559005084218,3.188332590290844,76.88607642520722
24.094257199842982,37.986499191749296,98.36549312261127,1,85.21822260310056,11.634399145281913,50.74703570957241
55.900992875383714,31.487556664257937,59.00077850576989,0,29.081906559433087,2.3857916437596387,125.22890145162293
92.00523727373249,34.17015262526165,58.35391935899089,0,56.39369237516795,4.496683029329455,218.03442490171165
94.01456304079336,24.605497482408982,64.94880292457013,1,14.030370999093622,1.1146189759186673,212.6883707889784
50.14459017036361,25.15506789754447,100.1248392630974,0,67.87844686424566,7.690337664867716,92.77280404497074
35.1082736429435,38.24983061612409,40.539503970557135,1,82.96990487749437,5.049847312560038,75.08217798759516
85.73380856697506,32.35029176498264,39.47693640755855,1,16.244411645873313,0.9181953985674124,208.26414767742256
58.545530677814654,23.381029781162535,75.67932570607827,0,26.978127754014295,2.3086244064116026,131.5221915420325
31.718527449653116,21.383309679083652,45.850459345886165,0,59.609708596688115,3.3319563007237587,76.30302716955852
51.554704341258315,44.61104883958421,53.82033229377954,1,84.7247555387486,6.406965204234298,100.52309268626686
94.91528595198552,42.30185877734051,72.84175328687708,1,6.4675056346424045,0.7069828444402321,173.81068551284767
50.35911667789554,38.666774119665924,37.50574979163545,1,89.34267583190281,4.545932340042522,108.17517165580547
84.9250738114806,25.25118343230174,61.526691880802545,0,50.77132704119943,3.8114897798938308,207.50232955768635
21.39217244483821,37.69459945906206,68.64094844387029,0,72.07552089061292,6.677678468040966,49.563256165587894
36.90413009608027,42.12316867112417,76.16163213524467,0,79.26027428780776,8.923776593898609,70.1054470129552
41.31254062861124,27.307576163870937,94.88697969602067,1,51.760537412309354,7.007820711785287,80.0150050095713
50.097451115083125,33.43734384183086,33.94397299273359,0,62.857749747157,2.9257565215159462,125.23238734661516
69.70397893288471,22.701937341659708,64.89955586914539,0,21.952814039345604,1.6019058845146736,153.4806724652282
94.93374788537126,26.516659564052542,98.2677198086979,0,64.7116829334918,7.119204247010995,199.0768957248682
42.55148977578769,44.4355736928437,32.9882349148444,0,16.579475147634103,0.7854010271779202,99.86498344207327
64.74717441833695,28.98347476289468,68.02872541446948,0,58.50930516343992,5.113477974672672,147.65982322104009
91.87239644656948,44.22041103708442,109.35142858557134,1,93.5317095967583,15.104082088017298,142.57609054274184
95.76795249856157,21.58156679551687,78.24110906916705,1,79.54872444203903,8.886675491263434,199.6223680953572
37.205836258554505,44.54763305717357,101.83184838194018,1,7.942207325138462,1.1966432943045524,67.37350269841517
17.787989313536162,30.508384729887474,101.60800232529954,0,13.01685505002377,1.593923790727248,33.98199015721095
49.918765085822855,20.45929136345261,51.64174241374773,1,24.03228300416202,1.5842731966863666,118.46913841961693
73.50490486631668,25.49306875275992,65.0937357442439,1,35.69175149854636,3.230990882576348,170.3496572801823
26.643488896309865,37.171662343372745,103.0639769280027,0,34.90990976382986,4.471893666095642,42.88852892433283
38.21856773144533,25.237980607813302,66.42629998468817,0,72.00413104091308,6.02412438893635,87.34117396369827
99.23980324282239,22.548813739506937,62.37160227520795,1,76.87116543205413,6.057157546618345,215.18049908156914
73.94833614893723,20.99278018930618,97.15264300874176,1,85.08850995813181,10.91730995919385,127.49859784609686
40.54154448377431,40.08158501567821,51.76020589847917,1,89.93868007949533,6.940139837279849,87.65162727727694
86.5537402674496,40.033801456756215,62.84038570786852,1,75.78875693364294,6.693508317794002,164.05597766979974
82.48113069153392,41.86036385491196,98.08030134377992,0,30.781232532560537,4.534345643803002,156.46155418932779
44.44988940168671,44.32613373785403,108.37874678190877,1,94.50500211784936,17.068121961661657,71.4569096718511
83.49239360644995,26.78470470591912,67.72868565928738,1,18.171990265763853,1.5025240535317999,180.90236879093436
29.932145327329685,44.006658962301664,85.45354882030767,0,78.51107111405823,9.309651621051042,58.56012233910137
42.86055249650361,41.50183797474482,39.81024399824052,1,95.12213768578411,5.339967776936876,88.71997637261786
97.08051985514504,20.371403062687595,68.49005534534766,0,82.92630167802217,6.716450634091974,220.3426794701909
75.81207727850594,21.72935476263543,56.49666418628173,0,28.74610321775208,2.0566990407849763,184.81516086045943
64.74155675839258,29.24344527181722,68.88460335221447,0,39.33920620735896,3.5780865199493075,151.43602987275287
53.075209417654776,33.2618296799448,63.26194508652592,1,9.944354681832488,0.9505048426253738,113.2505125906001
88.3273888503867,31.083008019317468,76.86904404223372,1,17.77656011707272,1.811105901749166,177.5310085608976
78.59986590194828,22.83655479266435,49.805160651342774,1,98.88490093860275,6.375902990718955,191.1641832226079
19.030329071907218,40.02928758238312,78.35045752662465,0,45.65189556783961,4.638572727980129,45.426737690079925
25.6625516782942,39.662075857397646,31.444817580796844,1,43.78256433789838,1.9560279352893237,65.02748617214401
77.14375355530278,26.054586139844194,43.73679911789505,0,80.41986936739684,4.682715903603249,206.6717128845138
24.167527487796278,26.55762328461099,97.11103193006196,1,27.1928580434425,3.669196216891671,46.24319104814716
66.7285854197878,44.272617786246734,59.888452762724725,1,17.68659350302736,1.5752888818796689,137.25269690122772
49.35261670104978,41.88428158318083,63.23947173567315,0,66.26132412582405,5.729223455131841,108.60871309881443
95.83001490859591,20.555070324696256,54.29790813054606,1,79.21941060937095,5.666331496723553,222.1436204716574
31.72449610209073,42.39132298957942,38.447871682091275,0,22.218774277397433,1.2544250275113729,69.54479741697594
47.72149142419236,30.057366951907966,92.66320739510931,0,50.60856351280441,5.9019034316303385,99.48991794209546
22.756391025119086,20.487566190263006,94.45638339849629,1,46.44036962640431,5.578872831753293,43.91427625303668
84.36284769567581,40.0640187037907,68.91133024711151,0,67.63827879442876,6.9632068546563115,173.82393664879348
15.15402287888639,25.595452151410722,57.235286407953474,1,19.180461203578492,1.3570812899509654,38.94246204941565
94.57067358091145,33.004005575609895,59.18544770462855,1,17.842390146285855,1.5358358605522782,201.93348974261923
44.81267036436625,38.943373612557345,76.59207718943519,1,59.83397591014334,6.1798997694214775,82.19243932934309
31.259578319203722,30.18513179028372,104.95594031269563,0,43.59366411780596,6.088245723462798,64.35678388610553
54.74506062239517,41.873485140066784,94.86624906898167,0,77.27213429676026,9.285391812302237,99.97088827552568
62.41386068751193,29.48653451483662,70.52399999268377,1,70.42127996511705,7.369025406586381,133.22068180317976
83.36590060121893,24.077866877916968,49.93630164730298,0,38.240069046502875,2.336347093292746,217.72249133890352
45.561167284200295,23.145058408651284,77.14653159581825,1,5.427925693127423,0.5321182656592963,85.67553596340348
24.43796845702806,31.069123921547362,50.2602253572573,1,80.30682354917138,5.691719822478205,57.45709257104229
27.975943985966616,37.75433166475402,84.1873476865213,1,74.3893065237703,9.066023539228219,46.19264114426187
71.76352869886244,21.014899632559334,61.26023876536033,0,92.53848494057038,7.750782786399744,178.49009841105476
15.906960795523835,35.56853190943694,63.02715182071252,1,14.82091068418619,1.2530732479075495,30.92644880222065
32.864945994883485,32.4421989886943,68.08165655040959,1,7.088719593735743,0.7146024344594621,64.0987524605546
16.185666588812474,36.42797097653183,59.20751361854447,1,82.4882263773902,6.436088893441342,33.63882093931452
26.369659081545183,42.142547838511945,81.93830236327707,1,53.42487345037403,6.542761188395122,53.96342721848024
48.83741015007962,20.661172564941687,56.844576135732574,0,7.388273946849847,0.5492922571933955,121.49674210322104
25.84329286596416,42.58252818471898,83.7823063579264,1,53.48730852812713,7.4700526058934535,48.51933045585057
73.92281108860377,21.77290478596424,45.14887006334902,0,84.45650238496644,5.035328687619862,192.94393143585668
32.66050350237691,20.50700787236452,68.35326389016815,1,72.32428839672316,6.312972443902549,70.2513475510391
18.428063689378604,25.028413564759433,44.29031014034396,0,77.03874863499925,4.3361704437998725,50.02566251562457
69.39629273473848,41.50633215999261,105.66277169927646,1,33.37385495181722,5.715309117466141,113.312939106114
78.47318116284359,41.444138709311055,69.59862357699689,0,22.541868359901276,2.1225746767326767,170.08484800300042
32.92882356905351,36.81306010595348,86.34072596019357,0,87.10190721484793,10.019127212201752,67.26423679228405
78.2712973658392,35.48612684545383,94.24605138701959,0,58.798133653788305,7.19780345776229,148.18870908534498
43.50375025959788,35.19898377080855,76.06281687115293,1,57.67646586051122,5.864226319405813,82.2230731969333
54.75944963139426,44.20181257274196,90.23889544313481,0,74.4660054379584,10.327155789578063,99.6801621098098
96.79575356981351,40.85346651308963,69.1763225486284,0,23.74482720472569,2.20012023284158,195.64867893325254
38.96401189888267,33.2714758572119,34.134854392890546,0,99.97222559307394,4.738190449978589,109.89564147796904
70.31822866218727,44.19655877908033,99.03768218657154,0,15.744475245263134,2.0770526402421337,128.87561441661046
52.147866663230516,29.92223482722599,89.48354157098356,0,49.537801011447925,5.351002077662352,108.96572582384943
28.651267446520166,28.51713558937004,55.918341976807966,1,67.97609397273375,5.4590560590028385,56.344550173525676
36.92485807688655,32.287855645795666,108.04218632167215,1,32.69099300004097,4.881978867452378,55.51896386859422
38.41392236174447,40.18027491063544,59.35946136655579,1,93.49582966974988,8.422554930379896,82.52653727512774
60.762655886196825,31.362068323883918,46.743020922409585,0,45.27340082781829,2.466827707879199,152.46517013962145
44.24641693648024,44.92829735395915,91.79287997018274,0,17.68397737851786,2.1248989214262277,79.65136718958676
80.90980874036204,34.267079376799465,90.8563844835116,0,40.93601989987294,4.850596834518617,165.15346945185095
50.62245906203211,39.582922255484036,51.4671833019726,0,98.65655183903907,6.714428749432065,116.3261725429841
26.077535469697892,24.977057820698942,77.01625826731812,1,30.29334144243033,3.0226729370664267,49.324988365987124
43.374267495285174,38.19265925152418,83.54056740637186,0,30.65555427964779,3.2746528545038514,84.45191884000435
70.59196160099464,30.40542577580786,44.37274312239296,1,29.826197614385677,1.983286413105223,162.1259919057131
38.66954972780441,42.41182143148239,80.89750629354758,0,46.94699244358389,5.82723654185397,70.92912815913378
27.036964802521442,36.070834770393446,60.558403637035674,0,24.35872324815105,2.0616345949205246,66.1508074925602
60.27828286067434,35.96815455623049,106.26560643474042,0,46.49383108571537,6.60567217293724,115.19590080991631
40.069146543328465,20.381620991150744,47.61033953580213,1,10.296211854681161,0.6051495151994135,95.5208497865875
72.55404112668366,33.064320506545236,92.55620935777215,0,95.84101149614463,10.359874084965968,147.7239958715506
36.07425823349361,43.19478698438289,104.57071323186264,0,8.38030385037895,1.1526347614080759,63.39097448393114
94.99652471228801,41.686925587399315,53.00400315403546,1,99.45735864730061,8.060778097857039,195.2829767535258
29.462132915058422,27.90262219852239,63.95942661412281,0,62.82867950693055,5.385909808637118,76.50634742281025
81.89233511712308,22.908711246435093,58.812972257103326,1,32.353738938855805,2.359280825912111,192.14805970533718
70.39278256466629,37.81503518245983,85.0424415161585,0,19.109155304426157,2.1621595204929633,130.75432072800731
45.30051702206193,24.06940252563422,69.13072253727258,0,19.892480021932993,1.6410594635669384,106.92650546396636
60.6804397809836,20.56260818571716,65.52904041403251,1,42.20918167087715,3.834988563058617,123.82969728663447
64.04222138981153,23.80436504704795,44.13144238963756,1,89.31849182253818,5.139362889236889,149.9713021344957
89.63979174378461,34.646303060829204,83.93536932920006,1,86.6366178737564,10.529443408799883,175.04531561442067
83.21798541963305,41.14271454291818,39.241432008558576,1,91.88552134606603,4.983444532517971,181.36163032255607
70.09778008312725,30.329861970069942,62.44955122043539,1,58.48622960130799,4.842880398826734,147.2817223058458
71.45298502963098,30.48469578799215,107.23285594948892,0,88.77620607796487,12.014750828611927,133.8964237589628
61.07283433326217,42.97595692571678,101.99276346837374,0,24.19790067575275,3.810296695392301,101.50065981090677
31.885305477896825,27.01774356161485,109.94530145517702,1,69.37306229946144,9.424478059336789,57.354305328489346
44.28300093849538,21.538575853370922,51.59789094843696,0,34.70485317764026,2.0479900373410915,113.31867455105079
82.79111071386608,33.44798815823108,54.774556665036116,1,5.90620063242677,0.44585713011769246,178.7921208566086
92.11566921855169,38.50782577109879,73.42730994672597,0,11.297567807422272,1.0998251475980725,198.94846696233392
84.97783551475564,41.98492483264711,69.01750946522955,1,70.30915638472418,6.9890405429487625,161.12996499956586
69.42132777094348,41.9372310432872,63.45052798348981,0,45.236354837943274,4.085404085548835,144.93332411641077
98.39615163548181,38.975701201280074,70.91848374307065,1,20.304502209360113,2.338012304879895,194.0992133434484
30.299967411908383,32.56369016805058,97.87341811444088,1,84.24060041030089,12.182693760524087,48.952263418060824
51.59195459167835,31.68103361022093,49.20677615493151,0,8.30592398749326,0.5137199510928162,123.40845910463462
39.581417917098925,40.224443740342714,94.02913507642762,1,52.96310743405417,8.012556022082993,61.97663309580677
50.54110805252915,33.66564114858115,74.27922161590593,0,47.66907925956019,4.561893710704253,101.33138653742151
22.746673822625112,37.96509351725489,47.09893503855285,0,77.9568419919315,5.435899072933952,48.59663713715494
52.46509312210601,31.974264036336784,101.75952625485391,1,19.79640417222533,3.00532901912512,94.69213737814037
51.86651474067079,30.30234024081348,32.84897202182732,1,93.45644293461831,4.575914405950747,130.4831997841934
20.406764675002563,25.52697184233605,70.99518149951074,0,25.34674401026075,1.9797789665601853,48.37448363279442
42.66778374072151,23.59219062960532,86.7946458747397,1,42.88993413496221,5.288132324394739,85.09072047501833
73.35881482635665,30.41480569460497,81.88216214593622,0,26.180250812986593,2.5425469876348656,162.21517689807024
51.38164495736973,36.457094585653934,51.1044859957086,0,32.84981451406367,2.023460702711035,117.36025495935328
92.6484321806555,30.391982379071717,66.7596619891528,0,83.6959238321564,6.8163612473747826,212.07085771861665
35.166620910856665,26.56584030915184,70.35368317721704,0,87.03692050878573,7.722903243885412,85.42926659857777
58.017063137943424,37.9304807752605,96.6345318714332,0,89.46633879410707,12.525078815903523,103.2749361771262
59.66171985631959,37.28763864533986,100.66797608176832,0,83.24762884347751,11.704820504848001,116.58347280531166
95.12122954120349,40.80477880768894,79.8712309621638,0,25.400727728793953,2.7381050816672863,192.2924834150911
39.14885268433181,24.402232198596348,89.46663308525254,1,53.47347448129884,6.832809012539924,78.19799985644045
53.079613646853794,23.019488060814467,64.08922230646236,0,61.939537415135234,4.7789989183819275,118.59042588950844
51.706713846522526,21.34831457102178,71.32372083114097,1,63.65896105175602,6.417195173266573,113.38630896755551
75.1698590951055,38.698091282785434,45.75467899526962,0,21.489353694386775,1.4643460119182703,177.14121702093823
87.64248436790601,25.762370933788024,56.205303513770076,0,44.67570555752676,3.1798895871445385,222.19112655486057
36.52263593960038,26.223224692864843,77.23047721630886,0,80.236296374338,6.965743981293831,82.42740973433125
48.877534052250844,24.253816028612924,50.377640036603914,0,51.59241369249267,2.851262933287718,136.34755181014955
43.82898526462787,22.776582582041367,52.285436256452755,1,37.20214298641803,2.392987244505552,104.62389240705353
87.9205807459304,27.72152248091158,82.70843233814738,0,47.9660786674682,4.416935265332514,192.52148253280953
24.654921977187367,28.538151885534095,107.16982844936143,1,18.36206722719834,2.7549879928209946,44.31109131650823
52.1689401007925,30.08871552034221,40.95733076353887,0,50.9428556414083,2.451127815475614,136.26198494400282
43.81448746373373,23.672722725573173,74.172866157681,1,84.92889327399386,8.131524081000524,101.74413972118731
80.2681784656977,21.012729323533044,39.8328946033796,0,62.50764465470189,2.8503811118936007,213.99943561172014
40.01497078904297,22.161143829334964,90.75429639651892,0,59.8200674627867,6.488303824487255,82.83670887511296
22.129267776921026,44.82009945465036,40.174596290600874,1,71.78001711860612,4.1527026568265075,38.12534517346269
60.41100441123256,41.04826686198133,76.67376121464014,0,44.0165380557216,4.907018193626192,113.96497233047062
58.4805765099573,43.58913042892442,33.350431507102044,0,32.78197143600399,1.6486443670029662,138.10987873802134
40.41055688678133,33.99561972206975,30.669252798731534,1,6.809123881057723,0.30870519947466035,105.68939064806395
94.31462379933551,36.429941541001554,65.12233951843584,0,10.823385472676241,0.9473106094428594,200.7306474278146
93.22315134820465,31.019131191884224,109.56473124877918,0,11.126614643305397,1.574000602767732,177.7947294605442
67.87250573642079,32.64355745888611,95.3681706402092,1,79.47236056241628,11.258883725512556,128.81932669957231
32.07044376486827,31.30109441449504,85.34775039567745,1,92.12435799132045,10.03905791576404,64.93761272456938
72.07850361888818,20.10898949891451,103.97208843241447,0,19.61346282820404,2.7174293993633727,131.63959359484642
15.618188653990789,21.522805671788177,64.30712122379126,1,14.468072597293709,1.1909467413587833,37.59702330909002
85.70175051573854,44.51176994457678,69.5077611793249,0,61.86361326503945,6.170315655301548,161.44165522855712
28.440758418810802,28.463165868170893,31.64092824187116,1,62.638360079312044,2.72493006131658,75.13287454122644
69.23027499338109,35.71803467563955,74.2982585118689,1,45.6717199427456,4.572781250512919,142.97828828084945
24.391108377285516,41.552601836287,97.13538742972307,0,83.66411214855397,10.58772889948522,47.75550447352491
65.51819738376064,34.84026361116036,43.1347971245087,0,38.90548928160171,2.0386899886509986,170.22229360292337
24.120602881507164,25.15121400532225,41.804147746295996,1,13.360572613587964,0.7820042777320686,58.22460557847883
48.0876437287691,27.834235160758947,66.98891577981914,1,15.881803460715819,1.365262955854839,101.73397190002532
33.28525074891348,40.63444944672429,108.96658912047762,1,59.81111926149301,9.326731485041197,58.04529722459833
85.04803169117181,20.133104764276606,75.18553303091169,0,88.13649427633698,7.549393657604473,181.9213051444788
43.975056316850356,39.623890382162685,45.362692188919695,0,47.80097121137222,2.691267321854113,104.65040722772575
62.32903216696291,36.53810810365437,77.3531523535256,0,22.744176680425213,2.3197365398253393,138.64469248484647
66.65527450571382,29.849445722931087,51.225048559667314,0,57.66064681794726,3.589001415586228,168.52556290081625
76.23686468919112,36.09426520253112,56.62546888733375,0,77.1735262246879,6.144607223146931,185.45299405791252
46.749171459698005,37.54868000299517,96.8577277318297,1,82.70855325233451,11.889980062346686,77.39475584651693
36.4354684546379,25.092934831941665,57.230787014203926,0,64.36951613520252,4.067806362773384,97.23955630806037
19.022585061595816,21.03069534997651,50.063866808957016,0,46.424588307395844,2.975151769313094,37.938112580066424
43.94895468079509,27.528975494636132,76.25838289356109,0,16.243639626025814,1.6035062692979145,99.08332411304762
71.05288099082925,42.861441272023534,37.20909063473157,1,14.858597320300365,0.8973617995482426,160.41665753033735
18.30426424641859,36.47356984836857,51.804619905232045,0,15.72152566965123,1.0967767960936352,49.67488613001266
46.287279201628216,23.126955670408137,33.319944350856915,1,72.46993559004517,3.101280218194617,120.65619117026843
85.82831592744441,31.35676810901063,87.5646730612348,1,59.826615641872,7.513264868975884,164.07405221038712
51.11061261468145,30.426330092573018,83.10387136341346,1,42.73661530879209,4.921828560513744,95.6763237706068
96.01559206317704,32.91840112350161,95.52858609421503,0,15.601422852833382,2.0612298531747006,192.84396152041796
75.44600903026264,27.390958294490904,76.48371930271321,0,86.00328454466346,8.526479510009798,169.96528881599667
48.38248470905934,32.60951760746917,67.14653958361222,1,31.23127008212852,3.1763482955425797,105.49405082257334
37.629847034013125,32.86317341455601,38.55082363912484,0,40.14989416619785,2.0998990602566954,95.3054958328967
81.65591023472676,39.08212975507898,87.80893798675596,0,72.02150711497029,9.083366520527887,161.30616441307242
52.49487394835836,38.34054573219867,80.00214302482631,1,98.09187111432612,10.895263943650894,101.80279343766281
67.03348601017447,30.82432624599266,35.68196541194613,1,62.134018590343075,3.267999510143426,165.17562333841332
92.42470690854772,40.35752459178969,71.57343171727439,1,59.75852738809517,6.7678814833219025,170.66305331989454
42.56666142942435,37.90411345444028,40.833507985426245,1,93.40028042903177,5.915059956601341,94.58751041245824
37.57680390164526,37.608823911803256,94.22125371696305,0,48.79818896929214,5.996718727783031,57.660131543077
55.43067762861796,35.07018830666899,108.87932577365275,1,57.30826330858864,8.456957680139745,87.79184888802808
89.8210795304229,44.022603853223984,101.44010899171977,0,44.499675896572384,6.57763250155958,147.93766626207693
75.33340062815161,43.76480032689846,49.56930192418128,0,70.51276180503875,5.159957635517648,169.51790463256307
82.65261710571329,31.876974501256097,93.46384613589879,0,63.64865384386637,7.484441178112644,159.1850491031793
31.861665887054613,44.0410123078826,70.91740320340939,1,65.12871864474924,7.011494976344965,55.22897372422781
85.90149526488267,39.61264005740543,44.828318057747964,1,17.80464956715662,1.1846290527230137,187.07281460839368
29.373831535755375,23.15339465739413,104.61165738729342,0,35.234224741544985,4.2705845662416095,54.687860317326844
94.33138232960879,28.337808841571672,47.5176101684641,0,82.94382256503992,5.233392569295846,243.32810755991142
29.636512731189114,26.77408019678049,52.85012797468617,0,46.6517852713449,2.728280707297809,78.33006455114374
66.11556661866011,33.65124829706915,77.22505378600547,1,58.49702641974446,5.732325062780811,136.7667062855138
51.492435084856595,30.197123171258973,39.11562155556348,0,68.83466915562177,3.371390062643934,135.3072761028646
62.14073527140913,41.07944801632101,68.47841968370625,1,13.86230154858701,1.496268041801761,125.45611816162886
96.59291861957773,36.96368353545402,75.64491236996852,0,88.30004052876701,8.303092556868028,200.89931856402325
49.37097654839755,24.04917961007351,86.06543701109435,1,80.2311211501125,9.184133588532877,106.05884990917818
92.25800825032358,43.549786172096795,35.14553785548668,0,64.98085645756578,3.3116240952207034,218.1221588083678
35.99187405375478,39.74714344879607,80.76279466928861,1,60.98039718188337,7.371048716194909,56.5249063434674
37.642099521552026,42.48632711384588,104.18931275692428,1,54.47872940137046,8.553312981260193,58.577907048726864
23.37566770925796,38.936563083517214,47.882225784120905,0,74.77626883062834,4.7652899782502525,52.700830438904845
16.604874678979947,22.513258967295897,69.69755835919395,0,44.37569302916419,3.434638284697672,38.96139224429049
26.828600927176755,25.924507959724618,65.83801537108214,0,47.775193382180625,3.580368330749349,70.83381329911455
41.1506824252886,21.058362312957584,80.68282348929361,0,88.2850002787616,8.38050745136818,93.12206148197171
45.33967032559148,44.73799898752168,51.00578971487656,1,48.106607223783584,3.8129642029693476,95.17919954468788
73.42814257828574,35.83208705832489,94.85765383561399,1,79.70057158292732,11.00393095428293,131.0630701924537
33.66761886574366,36.93666922336155,90.67269126397638,1,41.204548793122335,5.657902655997268,61.92014675353809
43.5740537792643,27.25709193286901,73.29504446856194,0,99.68389781251524,9.670661793806557,106.731670415243
84.34474447735218,43.36997424183749,97.2739075018768,0,63.03991994175205,9.268305850615485,151.554716810994
49.349337058151356,25.53752627134632,70.96187112870075,1,49.392299027301405,4.634130622172584,117.66320234160706
68.54324284520706,20.445844754840582,73.29292472805267,1,14.356990959543309,1.3588637497275986,139.54990451203273
57.07975538063972,41.16336232808513,70.4132569218186,0,22.05252474696331,2.279509618615719,122.25978973602646
48.76558117468099,26.717518393856707,57.80798515669208,1,72.29078466240718,5.363378670108255,112.05914783663407
62.19738242167492,22.49829692636024,94.40141545877023,0,95.0157158196773,10.714728493849474,133.59576683110527
57.404189798079884,44.729639371619584,66.98894273181867,1,94.51858910061463,10.326077549151432,100.41392379395518
32.682087832326154,28.442769368105612,94.77394064704586,0,40.825638530772224,5.193268724106674,62.13734000232425
46.369773544053345,38.05243615669702,43.934735045441336,1,34.507092282556314,2.2039303451746752,103.2777633446547
72.29011654093756,33.5376570530622,97.47422365672394,1,41.37638617707963,5.390850536191086,135.53910722957409
42.596207710741496,29.90588811343259,62.53004140399871,0,38.03509437813498,3.2194196105629596,101.59423395326658
32.14069295768584,21.95605246450057,93.04951519561752,1,60.6602723185119,7.054812872899233,58.40797198020073
24.645259198332326,33.66698749721967,86.74377095341322,1,32.0610042780083,3.920724789876378,49.56961713028882
60.16311737721994,40.13952066103084,93.30821789218676,1,47.10210713874265,6.732326829410397,104.20417679554183
62.9507902197697,36.34828400042801,103.80985193032859,0,33.30808049291561,4.169074489253511,124.59886741022473
40.55572944766325,34.451876229620794,60.07507003226347,1,9.46871007440105,0.8680680183823307,88.48604164508922
43.82611931619973,21.762623889206434,76.4030790320738,0,27.363688639945032,2.7076001431290595,103.64929322928853
47.13264028982159,20.20270492215533,30.74020179487219,0,17.258494841991485,0.6707154543929746,124.65100345282077
86.52883654528047,20.275711212478406,54.97026215024847,0,43.68150516689315,2.85597162564252,209.6787425314488
60.45808303812929,24.970713257162,70.67247813157016,0,71.66279523627905,5.535361506353282,143.01455153317912
91.20857962238858,36.034831218082914,91.61050335431355,1,55.124323399677245,7.292337857844353,163.50818111252605
93.57011942647304,33.72708056421807,76.63987837746525,0,98.49837221326352,8.924082027764653,195.9489567927468
38.23295451660071,43.11656720728989,58.33968025513954,0,32.611082084120454,2.5874122642973445,82.02063515730046
40.18958653484936,38.139206188998706,48.38608334340289,1,19.1238935511373,1.344940868020393,94.54247797945996
20.908245573129832,44.30416559351726,31.14215853486659,1,97.20446659959924,4.882793639564465,43.031760197319095
42.47149555256857,27.967431432134934,65.88340394947676,1,31.886611758958107,2.768644507042146,89.84930490755593
72.2223609113438,40.629823370142255,54.390348591296565,0,37.46262853746039,2.9311700436178,159.40809282526908
16.673073307420164,38.39106650028413,68.96128324129916,1,29.5747685111357,3.1263795904563496,27.808757487287494
86.00104917296827,27.92112359125825,88.00744991892338,1,88.97978880276274,9.833163451491794,175.58857297465676
93.04641846924476,40.37950579924723,108.30848121425876,0,12.394719545498834,1.8117240772893457,169.41857538024817
28.616695122462634,20.194599256724178,90.23852938368934,1,64.25657151507711,7.097148133239802,61.33640250165617
30.836926004075348,22.4931550963342,59.0659580455208,0,33.12606486769565,2.5080970304188477,77.34825561564756
63.60710795568787,34.59724558430121,46.782033102328654,0,95.82187249622386,5.559195222951214,153.0407526611267
58.91646208672932,38.4004342091334,74.547553050765,1,56.818386062286734,6.785377490841689,112.9468002212575
20.23956009213,43.963640170602176,41.35465686075189,1,71.33046808197491,4.6605647887932005,40.727386040468026
31.06646903345226,31.735871553851098,87.62583331828479,0,25.657525230731526,2.7380664264718657,66.95070485098009
85.7402250327044,27.11525661400443,59.06985667984782,0,89.62829249350962,5.961391154370349,210.7912214110098
99.05443553169118,43.72673484113553,36.26195845839007,1,19.78914521260258,1.0439563063776265,225.91261456725985
66.21470066064654,21.78307473532036,35.53841005965054,1,37.86520419700428,1.7453559724427101,173.06091115323568
54.87012891879806,28.353410296904336,38.588889476053424,0,44.55725616348243,2.111550977903012,142.76958396056
41.34831159701495,43.313578152149496,49.87748195333936,0,15.157387116083031,1.0743788658878004,98.11699458497542
74.25274675216447,34.670511126839095,96.62232568186357,1,60.30716993374078,7.866049432937493,139.77714714283002
15.90881915964762,30.980262773296865,97.46096342574114,0,83.34870058730742,10.128681826755173,36.70511599024993
23.703529337420008,21.537643411465965,34.1067497058942,1,38.481414445024626,1.8348385322383245,58.08633719449647
28.315027160908848,43.82275783908774,62.432316868073926,0,18.728946271160275,1.5451981729413506,55.56828097454586
95.22205558267643,40.10507268244452,44.452392167293624,1,48.22646665412254,3.3688930520596996,203.46720667435537
34.09615950893107,38.17158915044516,86.62896827633634,0,40.67236909196841,4.7828456564447315,76.71754418502326
44.164818895445805,26.047644314793946,61.880162304318425,0,54.39982178350757,4.316909563573866,108.01783909869297
45.454604408029994,40.695715176654815,31.80835514873813,1,24.509977545548605,1.2244409670862881,97.25693076726621
74.47561155811866,26.15676835257933,102.27262046902344,0,97.33283231672185,12.930056447291813,148.02721265229073
29.03970495906806,43.03584072561134,63.84604182371863,1,11.792787311505359,1.1263614329634482,61.03803484182
78.03625667766273,29.661083773270434,56.42353403745073,1,45.57759044959717,3.3023118839539194,177.96033745101474
40.063578385924245,42.8353234541008,52.0445336096983,0,93.95349299337362,6.248437651695593,92.6769814600163
52.21106811061336,20.540674811544843,68.68744384834632,0,68.45282499162803,5.41461868348637,113.73237765323574
50.3897073976967,40.82455186746094,108.97342717041636,0,24.058555256842006,3.4889554111699073,88.34074602703255
28.761126854450467,26.232383750115282,47.99094241804254,0,92.56997714530998,5.260055038061256,74.60316474172693
49.03022551294647,41.759897705642544,58.7329459424335,1,34.01720152210576,3.171186222492811,99.16873153012423
19.039009362604382,25.482382062620765,86.49859988254255,0,59.88489816527999,6.26477966205524,47.458603653210105
51.060884772559305,30.62488101049658,41.262267200978556,1,11.531340448424345,0.6522977553863302,129.56776701699954
42.958181147911574,32.707792356917366,31.918035790122534,0,91.8718351266345,3.4267085552901237,114.87963562667603
50.076945240301,26.4111004365797,30.80569078658265,1,96.8852546467855,3.8745195064913553,135.4918636314284
48.434991293559754,41.16376939549657,64.15242565090429,0,90.5223114560504,8.132278340199486,101.02779964230692
32.574644545929736,24.99213565420448,70.50957901217672,1,81.00516875538028,7.175018473274777,67.17989148874919
29.671774596693336,20.065803889489704,66.07229224745186,1,52.497840171429765,4.378399917703958,66.73098616578754
50.849173324156666,23.67004079384991,68.31951469114483,1,25.43309673458382,2.1777330415882297,105.78340108074224
29.424945328195818,37.96150445807917,91.60712250032655,0,54.270675613271194,7.115302944076819,53.04720586019246
43.62962443223383,33.867479414582895,76.02236758838,1,16.937808830060362,1.6853805342916235,83.66752035903568
78.59375291743918,31.741356423790588,92.63473381918938,1,45.713638197170255,6.123580628825062,159.33924579312986
48.60530342321756,39.20516919518727,64.01515068589266,1,85.92935833468641,8.441355203257842,97.64466725490064
37.556427315229236,37.19907100296773,93.39653353114106,0,66.03052443581484,9.018978485998074,74.35749834461343
44.028104408143705,39.48941122153174,76.01666344502408,1,30.60155476266952,3.274007283509414,87.7050125611778
99.29220949069264,24.935093343263564,76.04161735728992,0,5.1835318576929925,0.49467564892257315,236.76455357293355
45.20945957479852,40.51241111644638,33.57655451350895,0,98.67265317866082,4.298906569619513,116.18853114985299
80.1122014591402,28.470029248177823,44.050117245440184,0,69.724752608049,3.8390243633700343,201.01002827200247
17.964825994702352,30.256728458292923,38.52475843742144,0,42.31463640122697,2.139590994996671,48.0307987414902
94.7203929680651,33.558973762308035,91.47199431590239,1,66.47556979253898,7.756068972578491,178.0073573780184
18.240050841021787,32.20242539682068,86.9623485643561,1,92.94641084025402,11.556279707555332,42.236660286402525
50.25254321504947,43.2587794283267,92.79063867102354,1,97.2910004290195,13.743152311964284,81.87083903746564
40.90911729483626,26.412188080178858,77.50006019257437,1,55.691024360488825,5.233663636769546,77.37335118169283
85.403253009359,26.296334058642724,92.18417185151347,1,88.39145586785357,11.263785106676133,169.23495064857096
38.34843698893042,36.21614147655158,87.7243106074769,0,69.45912160101936,7.6415109120162406,74.02043146514276
56.98891031219675,39.791001804576574,68.0563262551245,1,42.81061156286243,4.216876039139702,114.32013740126372
92.89588607924036,21.250556672913948,42.42212825418645,1,28.270583294765828,1.6866491029246165,233.89570409778617
83.93630686922589,41.47465977580292,109.32753885313333,1,83.21801030988333,14.229634099108162,137.97986342408947
22.20193807967702,35.574322192202395,30.54284423814621,1,66.36539545564428,3.1794903753150705,56.72562418349058
19.737519752619182,34.34903793754074,99.04230234002279,1,87.58852055266561,12.252816021293064,30.55590824040216
49.02732601141879,29.162339479029086,74.76598735646986,1,81.57156793729156,8.550757099046875,99.57631922291858
15.427167786051514,30.69558641595625,45.798902532162586,0,32.371887241195715,1.9814078270778355,42.44005947064222
64.28128661840034,24.296421743761623,50.9299845033464,0,10.525937078487848,0.6312764711396309,162.19486130435138
76.2564786331683,33.8701689568487,63.830117477342306,1,58.45360636500932,5.753372289665047,162.77080420766922
46.44525122462978,26.974154860504846,44.43099807741703,1,33.113003153127394,2.028778243558451,109.20191451520611
22.16299753036507,40.2965424958146,87.51255556838322,1,80.43575945886172,11.504628861915073,32.18449949293623
88.28781946402532,38.56826823635225,63.144664986733844,1,19.134886965669523,1.799145973749108,179.17330250119264
92.97465662807366,29.786993258350392,97.59603018180833,1,64.89950851357646,8.739053778227163,173.74181730464525
25.84797083020903,38.855783083738714,67.72321012705322,1,94.15448017475218,8.698559448980092,50.56397449521354
33.02236729268946,20.738549215287332,64.7148199705099,1,56.605908964880285,4.4751598106497745,82.88917251851593
34.91593344366012,34.47342940513393,81.77342176407885,0,84.34678263037141,9.773903416742357,74.03180165177729
84.97424053595245,22.576042335774567,48.19586032518397,0,95.50321566934483,5.528484711972811,222.4179430987861
22.03248206029049,40.599509728926634,84.16810210858917,1,10.120337587409935,1.1516484405871794,45.92390216603621
71.21373967607808,27.233810255556154,50.28008128846185,0,17.805793699850323,1.1891998455775297,195.23864109959553
93.88901760563743,33.25658064095872,58.28729167658548,1,20.78905099683082,1.6488930576111374,196.97763285431594
78.05355039592462,38.91762275278674,83.35243093473682,1,97.87906934222723,12.735498932743495,145.37910635353364
15.015741600112639,29.060785279694265,89.00824768275376,1,15.414678468326775,1.9427421420016524,31.346164655916844
26.550322760845507,21.665699960259367,108.0863748977174,1,93.58671907887958,14.224323499072687,47.86377889354807
48.130902167894426,29.817713303605423,79.28308226719656,0,38.62103838512262,3.931005664311261,111.22829509337777
41.52011101921828,42.745591020801506,99.63203704846696,1,25.899949862479392,3.9213767844516134,62.74254294618788
21.76953653456697,34.58589086777212,105.8296134895744,0,82.78010909319194,10.655518752889707,46.658614321197085
87.90075900055533,42.43772087770885,105.73663320271106,0,28.773400899979006,4.447813996590893,149.92785781065766
92.72779797477772,38.77868109878602,104.6700399313575,1,8.050410145795533,1.278280307625379,158.38984016663747
79.8506546734827,38.98716422970767,100.88591736764201,1,61.80154426501658,9.192044517605733,136.19387725834088
50.430942293937456,34.005235068523625,64.3457073574109,1,29.720079953896594,2.5271050524007546,103.18817081275432
17.4242021112851,42.732603660151234,30.65785051111132,1,8.257709439501525,0.4019126234805754,42.76350432921681
32.19356039270686,26.756221876542853,70.37128447584602,0,88.39409733970237,8.195792582629903,67.18916128772963
71.03578564932411,28.619673216363413,101.49189192723847,0,78.14926671577689,10.58576415164604,144.24419543448968
15.983636894197973,27.48981638963039,79.85294029956638,0,63.8383740639484,5.933647083803276,35.66504664569699
15.080158614836678,38.92876450768598,108.8165860728875,1,89.06304175942859,14.880800769342855,30.231720576460987
26.638100039631347,28.525427327980076,45.01824603986189,1,55.04304619060174,3.202758568123477,48.85810197059232
36.94344425097066,20.943682924185836,76.65561295064367,1,71.76514703089536,7.348674035133471,78.64121690651908
78.1472411960664,42.49643204622988,95.47221179982587,0,81.7002392802865,11.296056916276486,140.54935065108253
40.81628105525104,44.57362304050553,51.93089337535507,1,65.13774601373554,5.324100998986905,84.14678808725137
16.79965091750717,28.700333844087325,87.51939803184487,0,8.04603412398145,0.8959729090775114,34.64582847741354
75.8747795412966,30.41872651560133,90.58364576569544,0,66.77381836638804,7.364693947410095,156.12028947057718
98.17916356304679,44.136055518467764,63.300879948806006,0,73.47755006511699,6.305329251589572,191.98002498587073
29.2919923010535,44.30239983030778,79.40458505676948,0,43.75946441357447,4.68724204108003,45.575265445568384
61.03561433785915,36.879735387790596,80.66497395492885,1,29.973666688985972,3.1802426293001416,113.80169154974875
74.87600782558636,32.30291642714654,37.53944531236205,0,68.55060245648608,3.4772319585222617,200.74157519457344
16.29311309160521,41.53083529716844,41.639315779826106,1,85.44438758103878,5.481458749365057,42.350295161341336
72.955807722793,44.8375390098927,48.58684367392145,0,46.812131171901015,3.024362499112501,172.61815388726012
85.32765645662545,36.96623592957167,35.215981336492035,0,8.026392440184708,0.37744526657313154,214.75127973191323
93.59293951661492,29.939796732766165,79.99379758307651,1,89.94019519144967,10.544554943427702,189.21075666027073
55.82159009232315,24.435791306239956,68.19904403699422,1,10.046459298905104,0.9457654354149319,124.38926277112249
50.44969507977997,25.727915347784975,48.54322220932637,0,17.456514904067486,1.0151326703290202,134.75359437166756
49.98292061158758,32.97020780210884,32.69202657080453,0,44.75244502304165,1.8366580216711021,135.223735878002
57.34281122134761,31.440796863629377,71.51116253208652,0,26.611634632560925,2.418867101321311,133.09677002863617
61.081688291024165,37.240893547878024,67.54586376347761,1,74.12136761395062,7.543984041334189,120.4674077485373
54.992561122622995,29.697463223793246,60.076792771253096,1,36.64312706891793,2.77646402158008,115.0963265689895
16.84007171991607,33.000488657238094,84.39828389206092,1,26.555572888161784,3.40637377503662,30.745300670367886
75.98192832465156,39.06633724778711,46.11691966345283,0,73.07259577900496,4.703026041067972,180.71332599402956
51.32937631434607,44.04944136835315,87.83208059582223,1,20.883606181990494,2.5631339921842464,86.16042089863787
68.49517012345977,44.39957798481125,56.49710516984971,1,90.23811589320597,8.5056866404709,128.68615783505734
74.95734757003046,27.28944291899827,52.635805442986495,0,96.67800417644229,5.946948942483921,189.90081846918986
16.568795618656925,33.64021161067876,86.54324035174515,0,62.68679777834712,6.953436264613625,26.563749715886964
65.07633926826325,36.19173390302065,66.13934028123536,1,60.158877245823604,6.046892895360563,124.14708574651964
43.27720385507752,40.78541554825778,51.96578524408173,1,31.002442131420043,2.420450734250895,96.14907441231044
58.344262109650124,23.24405583740661,90.00490593154778,0,98.49567115090542,9.785506847957016,120.94881108869458
74.41733019357808,26.32279513890718,33.239025946264356,1,92.63138304535815,4.17758896313147,196.72808426862136
30.662531474513216,25.32651377543839,51.685039211229096,0,69.61042135116134,4.477950935147427,78.293688398139
95.09843206947814,40.57718822517201,33.35781809948048,0,92.52568187419728,3.8988475645638037,241.2014041155919
66.9840063657491,39.47734858454426,87.522667103191,0,92.61193263467933,11.090938066763215,126.82998149966109
68.018090867461,40.75457416544235,58.837042331940445,1,60.574216126682266,5.878130916903421,144.91095495865346
71.71312979806214,44.7857922889522,87.05752040616841,1,14.37245078961686,1.9887054239630886,121.3225542576109
27.213786617247383,33.05933159917003,30.57759576029742,0,59.81897688905238,2.302593972037605,75.83312706279608
61.25548310966057,23.85904424739751,50.07891884185451,0,91.56725947989378,5.922380436025477,161.888767121276
25.875744978180013,44.94787836030719,50.686737724221906,1,5.3398667370029775,0.38258988905361596,43.83333301082763
92.57958588035439,24.820069866915166,61.14944083051205,1,55.55055771451535,4.390771163031759,209.31915701339062
33.9970167117464,37.6398947444123,45.264759315704566,1,81.04893683685592,5.091848365120469,82.10822011999207
97.77961019870938,21.490638109681722,94.99649419351235,0,51.6781635755346,6.552079533632688,200.54119086813213
75.52539081977952,34.49904951337778,37.12025423861437,1,8.604139728913875,0.4212430177509161,175.60348838652214
49.207836767705366,38.48758637265207,107.48108455065585,0,71.95560443255773,11.385660844554373,93.12007369678531
51.94165057871654,32.202306506624396,104.19382691862099,1,51.74776201189943,7.538035056397107,89.42436794152235
80.03801867212648,31.758681467828342,55.38832668802053,0,79.68735357383025,5.515315903679554,187.14959289324514
23.531237083079585,35.844475988581266,100.41050827469134,1,10.469327203765726,1.593935554537774,33.45814071679098
53.08638788443892,28.654376932653225,57.062847376792725,1,62.60011000058054,4.6691333891228775,114.89030208317536
91.88028381890945,32.58070863465294,67.18273647500007,0,61.19340555282334,5.448527815729364,208.49485032643807
51.92597704587241,28.660821224272897,31.539917107911517,1,17.393285472382424,0.807093637709,138.7156756759207
88.80753691028127,42.33090368024867,100.91011076995161,0,81.88756873017672,11.565907371683393,153.3797128465615
50.98277179691481,35.65448632311287,52.943658335083185,1,31.477802938409152,2.2269033149365707,102.02861252368359
31.631635128154105,44.32443451050762,42.249075661775876,0,58.94489125241352,3.2392787249188757,73.58013543117231
62.84648524032714,43.758586912847626,35.793785028854785,1,94.10884721865222,5.522204274927576,137.40601762283592
74.31274781031452,22.05583053776501,63.46112647220606,0,55.948344750732716,4.188489218191125,185.92216702976734
32.44809233680598,27.322643667543225,57.68887896752921,0,84.67242967678342,5.522204510963407,79.47126031861168
86.20697338292578,23.818760791690416,36.63417220077808,0,68.68359576787091,3.3544510038972892,245.89162161527761
48.03576013119866,30.824188674976337,41.530853119151615,0,70.90542337634122,3.933653132788685,128.6871101065253
87.50363736756161,44.32141511775857,51.332495370600355,0,29.263989980925114,2.199764462340211,194.40563567023742
42.816276171994446,27.243440013222234,51.56084969746378,1,40.18041666779961,2.4817960219192865,99.1929683181927
59.53941923449671,32.626445006760214,72.02003718643905,0,6.596691583008537,0.6160725736931858,132.4803013207542
30.225139153341186,22.581470235902064,34.167032554172074,1,59.34948261230438,2.881615798794074,78.63468533988103
83.50389304030548,23.30528807050749,87.11316672669074,0,91.48290289932226,9.388308491341995,184.748682012036
77.4501804737643,38.6935096410423,50.186720353058206,0,28.255004307795357,1.7603124485344943,178.6450570263393
87.14397954804498,20.248993530107583,104.96899951371776,1,55.6924846066194,7.3667843725891275,166.4916754653224
40.82360568759125,32.737068446097865,89.77393364317203,1,33.31396134295688,3.7875658759776645,80.5634136095219
18.16657985220667,20.65868330484794,89.1299733709237,0,10.901948218409094,1.2815107670641432,41.320049776489945
69.36277833288665,21.679939268809346,50.25217003916939,0,57.82544684318884,3.4781234950635835,177.78225957509528
52.61176166178318,36.17366770843263,69.53005929130165,1,57.99125471486895,6.229325697038588,105.86887372563125
52.863988511529385,37.851779403558375,99.40458299564308,1,76.0976538399256,11.636094886785825,92.26806571561399
96.01444224896409,21.353360210058018,77.74854886275928,1,36.899725432769436,3.470758592698772,198.22445435481575
84.65902309035604,40.632539058567865,35.31283362981863,0,77.89143860009658,4.12609554282881,209.91060161497228
49.80501306054606,43.82681921555342,99.23435240661489,1,25.070054569332953,3.7407879705804645,72.92242210682471
25.81986531308166,36.2377623375481,35.844142144852846,0,14.958150889372726,0.7669833026246725,77.59107470543289
41.3299895707409,44.2824365076648,39.428808694381615,0,23.086410750792325,1.4178564009390806,96.71075205220728
59.609423781003,33.59841030725671,61.34744103462819,1,61.07841181678196,5.410789294311395,126.27860031147
86.86063214456544,27.420005126295973,58.341257706210065,0,30.79675302350172,2.185833170562814,218.34725023195853
39.40620616090718,24.593208508535934,60.3077971880444,1,49.8666916112361,3.955517042882579,92.70582686204432
60.03086779682788,28.043425746456943,36.00176711143345,1,26.37025416831822,1.3636429275525075,165.95040777048192
65.46344764364676,35.990428115058904,69.6444552300744,0,71.51788463293504,6.6972258296571345,137.0438597264869
66.81332538136945,22.276654552054524,67.91358087289535,0,25.01001361605859,2.2816838877611936,150.46044959285518
93.48769677921152,30.433698007603535,107.02898673485937,1,76.09028610663663,11.948649824975364,161.8271057096986
60.60714703591795,38.796906109229774,41.20516474871492,0,61.44153931742288,3.6653370647063968,139.62827390225772
92.45501031305392,43.32839671015547,69.80601153233084,1,32.620667259614024,3.5722005453927648,170.43774552741127
91.73596405998632,44.05728854181467,82.28823620281813,1,72.86308616320945,8.429073708513881,174.6531303053614
67.4697414644725,30.128941800423522,54.34942267436408,1,39.5826095753838,3.200403327133211,150.7588057462576
52.73532162777111,38.87734918245366,90.06491050995513,0,20.95080367719844,2.5370519763954107,92.82295183728455
59.92588813028447,27.26979860554619,85.00016742435328,1,85.52971380641058,10.585134236665823,120.69069096911538
72.74844648955622,43.41719816667874,96.15592200672887,0,90.00117599270082,12.289538933261564,124.97573222746722
60.98010060041879,26.86620482171221,88.4509537010302,1,49.69798250427108,5.278660855998114,123.93371131352193
89.97409581065439,31.109845472894246,77.1154918805879,0,66.89146958531323,6.251706446960426,195.29618347099228
54.251143241341644,26.41017895471725,88.21676147257901,0,22.243256354042074,2.155768211473477,114.3594802755122
80.60346482064995,41.875863281131465,79.1330162092959,0,95.31771124974944,10.785737254245488,156.8124408400895
34.21843145826883,41.16804975991833,54.68531980711336,1,73.9141517033322,5.560057253331419,65.71208078303415
96.18337727408331,24.825374635142467,100.61936609656644,0,11.787881157895123,1.2924694543299289,198.17948255347474
26.304879901344332,20.55916336236073,33.98463020667375,0,98.29423916470647,3.84853560872445,73.84049581942959
65.08299649347273,35.661596381351394,73.04636342992434,0,13.92144665894786,1.3934399281381946,144.010178401495
26.58142119479246,42.44708444411205,49.40617623183493,1,32.08765164216732,2.2660584062717954,51.080482899146254
15.948139921505593,26.058143256158036,84.30207868163431,0,14.012717704142078,1.5749146061948807,38.81937737306378
29.070967559962416,38.283849294434454,71.95595155778017,0,65.23007290451886,6.207275693702994,58.41347327244935
87.45105468727371,38.91381650144541,78.8410531273728,0,86.37397866654041,9.27544728247383,173.69536760601747
56.82664585552992,29.848606617264615,78.90539096424651,0,26.75378260352961,2.670199764188732,126.24287724388803
53.3814406827098,34.4902724807071,100.17239202969554,0,21.596464871259226,2.851225104008429,106.77222603693774
42.3148435161263,38.11522983970793,52.78969654683812,0,66.4208343841696,4.457359520415983,92.07085730642552
78.79453835922367,28.477190331567,86.79163467051629,1,93.7810132559143,11.956443419394375,151.94087089507497
37.14398286205736,36.14475894487682,39.40796932789614,1,50.83288968620617,2.941692245461186,90.00927605900955
55.159279682765685,37.457833098514,64.69575464855677,1,89.43090845140598,8.044641571829722,116.30601887271182
28.952557947515174,31.062737033230725,69.50687525215388,1,52.72826538061204,5.457907971506412,63.33020447708128
75.07504895823864,38.060835575560326,36.80348970448569,1,27.0652439507649,1.5755761864985245,172.9378177216703
51.82631312913878,29.42139957460272,86.58143349331513,0,21.470449891963277,2.2552291423191453,115.79784819698942
49.72142805499323,28.71757027107446,91.0917626018576,0,66.2553922337712,7.377631807550728,107.70376199801144
65.59201537696221,36.447098383413284,35.11290567593129,0,40.37806327335883,2.0009178695805923,167.1088503728912
65.65377902992238,36.109142512314186,90.60078582548047,0,29.33433409150614,3.3696444174829967,129.6680582855861
28.25160570089548,38.056214452106495,87.76169146880233,1,51.93407235889466,6.084094216437042,53.51854359653339
96.14418863560473,23.214431519921963,85.79690137813814,1,53.184373992942746,5.830324346300264,201.76710437510957
18.720097011857078,34.17364643699137,61.85679712943961,0,50.14842002578404,4.352125281579026,43.653097852638595
55.06628936470479,41.715704262759026,53.326141566061224,1,14.230644786766723,1.063478156609089,118.6695865742149
98.22378851144323,37.79882470163876,69.45947967467578,1,64.45654772166112,6.9292868159891485,198.82048033068983
38.85016835782136,33.91995960932929,86.69828639239196,1,53.525242897393966,6.624982267000471,68.03123045662069
24.861477905455267,36.82294560717441,64.5957887684171,0,97.10501971578064,7.640435162491457,42.70808974992133
79.04783159412118,33.1275599535561,59.489652199863094,1,74.0606175296445,6.7906279048345315,165.27314894063966
85.85086868122077,30.127553176178015,106.95951278934581,0,40.5809344828489,5.016590110937842,170.99349484096734
47.91974976240304,35.00506367731452,71.09221374570636,1,76.81220188938806,8.01072238373265,99.66594036091163
36.83631351378788,24.380059073101002,85.25344123509777,0,39.274898102479035,4.13362324576485,77.2405608443274
27.995404830079845,21.65421804312952,47.275056321610805,0,95.80392881988405,5.954218847407604,74.3798234538324
82.33437657937698,32.36893098964511,53.9979126523626,0,50.01180132121318,3.4199560122165993,207.41540015879465
86.58411255521757,25.750011313709997,30.45767452335717,1,81.65543805237046,3.1135294986830413,234.90204206712914
60.52725645931821,21.505509111130905,36.51919818474212,1,31.11629206081287,1.5902496167414273,145.44523864879318
65.56786177810407,28.120602743713867,32.02971904338525,0,44.37255382837055,1.6203747837131708,179.60377885644994
17.72153453215333,27.417936289476025,76.76976071306828,1,46.14261934220246,4.412303109274306,32.90970811086482
91.87615409695776,24.952604856027186,32.064573455298486,1,5.281458453237697,0.20828359556587456,245.75339487920195
92.50072895628945,43.72926262769076,96.06067660935747,0,93.26605350567594,12.056247522466377,166.0159792010723
99.97222244557784,24.288067344679675,91.7237165849902,0,22.77945829689835,2.2891113726598884,214.01774302554065
85.63808662817827,36.525007470521324,61.583000733657116,0,51.11037526443229,4.089260384521492,184.76752597697464
90.77368048729164,24.146948116563387,41.96069116165569,1,13.792767356797684,0.7900035402306641,226.3571305964254
49.98223845632732,23.968947877802083,103.81451472052896,1,47.572226449190154,7.032387189350312,89.6507190482835
77.6158224935972,31.448114496522447,75.54681614208752,1,77.08348841412415,8.13199512118443,153.13755155612023
73.6405422402643,42.65243624109458,40.45812132538197,1,87.65524334538186,5.600342051589558,151.7217745046082
71.14525531210131,35.36607047337215,97.9375315755284,1,61.65661474830678,9.217013151499781,130.43619999643806
59.01685153588694,42.268639796243036,77.04841585935984,0,18.100388064381725,1.998336161677235,120.45143751967815
41.75677801594143,21.30871917024006,105.89249261652519,0,87.62056911965682,11.95115608060322,85.06979880397685
48.596598480358004,31.65757474954744,98.85215099100935,1,68.68947389260087,10.195396932724144,87.31948752104049
48.81967993557632,43.82540440101107,86.22263017327799,0,68.25568963701217,7.672845145281672,90.70626001490044
22.943582576854624,37.670486125253596,69.143212600301,0,5.233185712165201,0.4809760825056884,54.866342661457175
76.90681839196745,39.96929572786571,105.61518089016053,1,64.8935382380303,10.27318091789688,125.60897670721079
25.398778956782007,43.56007161892475,66.89134223045599,0,8.826425459861847,0.8209087061297188,54.43457202665292
49.537457706874235,24.170955860520866,31.846838444141614,0,56.23807945988358,2.3255817008101385,143.1567689044206
53.19415946265484,30.557302820895792,50.204885701562034,1,73.17633070256055,5.282151534687375,117.2896329439876
22.56292054889376,41.53123462957662,95.0484037688675,0,66.86326927433177,8.391850378504088,40.29227733171929
34.08019390143124,33.80080939599625,58.590112275836994,1,39.984965037831756,3.0031334298405743,70.50058227169598
40.51930448101784,33.27773556360389,62.65774580705856,0,75.613421369163,5.807439731158628,93.98022496674602
47.37523537924532,30.999344176059502,67.6187967687425,0,58.200378976747245,4.956180247737296,93.26225112554577
69.96718401859194,43.82009620622933,93.56418355373644,0,49.70622250116945,6.248438905039206,129.82511355967472
65.02468291843591,20.27617863031944,34.77687239011125,1,30.892026549837766,1.567454775679458,163.58245953633784
80.16292653983133,29.054468938953654,88.72996349255749,0,43.93899243315071,4.998673359441072,155.6016341526169
88.16176628756358,43.82691473395053,63.874018531746785,1,88.27750144520685,9.427168623455897,176.72843073173115
59.94844354332514,38.845087094213625,65.14426178623975,1,95.87262689662087,8.972113745544211,117.47291606348087
90.55516329712577,36.039933233621625,81.48435735651353,1,47.55452963183061,5.968128692519628,171.73020215982316
80.93064400271284,27.203737225834374,55.91808852492312,1,94.3115798645006,6.820966245307818,178.79093194765125
71.15507057677824,29.113549252222164,92.88805172861369,1,94.48757105364108,11.170380058961195,135.01266709900077
80.5762143594387,20.505438003694934,83.6608017369227,1,20.19647715942715,2.06590260726972,163.5024846376855
28.771905390977373,38.48811085668061,64.68360985258877,0,84.04387022578372,7.121844877746763,64.78103161521109
95.1591489041977,24.49084565930352,83.01779386945422,0,11.828149102319324,1.203154483658976,202.33991165122188
64.32823617192227,25.636434668441467,35.19193737853798,0,13.167504851525102,0.5980332559696515,181.10194559425517
76.03052785915007,43.59084176621237,85.47735247712217,1,61.345713940849095,7.853382985158831,127.48507198937102
29.849444870776367,28.13512405823968,45.9552269610576,1,80.58012373046103,5.032638514445622,67.06918262027222
72.06079861294889,44.754794731291796,37.25296708074707,1,92.29576261284039,5.5344973430268904,159.71476184864179
44.88897273371715,21.57189455286219,79.80470426573154,1,30.19218313738067,3.4462834027335125,94.36813155500514
42.802778010139285,32.20150390674157,105.29122681166723,1,63.99168414633327,9.959117140699837,75.91271288937241
36.76378134197087,22.997334678621836,102.92122625337477,1,18.447140843843215,2.615474970756626,68.36885852188105
71.19609988018593,21.09929104053637,96.92750233047609,0,10.405640647274048,1.1449718438209275,149.28110492015347
39.303237539368716,30.678942017526094,38.15470443060868,0,91.94175203272678,4.371709292776753,103.16924920651056
51.0047952847217,37.5656776580913,105.42176008842213,0,65.46471731225921,9.124488306101018,98.17372013869317
85.94682435212493,33.959802908216844,32.48756975544448,0,55.26481042774166,2.524173183118516,220.4806353781847
54.31201329105724,26.986060555897357,48.477307857282526,0,60.889238091156116,3.4992683551684873,135.1806952392212
41.97664831073339,44.06888368560815,57.845629668891206,1,85.96034963868304,7.7556431488236655,85.97347006147949
76.0187673461574,42.42596290626712,102.13933408325136,0,90.56237232299797,13.217354164824448,140.20643015433768
48.98575904476743,20.851112655006617,95.6857778445615,0,63.16977156045761,7.461101126794296,98.30398325446298
76.77246109003411,42.37276606411665,83.93594999542886,1,65.47037939432845,8.997091480350328,143.91215934610562
79.86015131985856,36.60884881648467,49.667067014441415,0,33.50289565657218,2.131271546631481,189.15616693276843
66.36035837823209,40.41863198681704,90.9079724962314,1,18.999618204716565,2.6839762932339406,117.40986953513888
33.89473957551214,21.335344081238716,79.21012660402494,1,46.83341851985897,5.190389051536154,73.43569384023382
64.95186937522713,27.94848324267057,74.30647326942588,0,86.0488050730662,7.510435115323105,152.06779656026995
41.24732253305066,30.254094230765933,57.81325366070932,1,23.778739003055552,1.893438378717092,89.12326859132712
24.864544047688355,20.577671319687006,34.09053104853577,1,94.77554938582473,4.798953312202729,69.91271589049205
77.61829944889605,27.432942737801174,34.685016841638266,0,94.75936803697005,4.265959103966657,214.78520965778938
66.17865556082472,31.374007934825276,58.49428274627368,0,78.35447149184597,6.272454417593085,151.69598360204185
80.12034886433608,21.70869045474228,96.11190189957068,0,18.327076214856845,2.3521077657697442,167.37784409479144
77.03067417357337,24.116756562682628,75.26543942875745,1,19.97307816097247,2.0009629166766985,166.40214914586713
87.31822114020859,32.750484493200794,87.52137236095479,0,39.497227496515414,4.873438280669055,180.0689906131764
95.43625643271294,23.62246648268365,44.18490028181159,1,73.8235458158872,4.015872703951523,235.19701510683035
70.55901943100696,20.471806364765133,40.185540980423305,0,92.5988020893715,4.902009672907373,188.59452096152748
65.13126606613667,39.2296697498982,64.30834890453107,0,23.27544376493457,2.155357124347118,131.64086672357166
26.82002569248401,25.474505747288937,76.2210453998166,1,80.83101225086126,7.915192271072413,59.250554180582434
92.98960181457959,31.25310681588097,89.54429738698929,0,72.26107643277251,8.858193631320406,184.12254896491217
47.3499115663102,20.463704893110187,87.97634201188465,0,50.73635786597252,5.089084157847157,95.12579390769871
84.49025535644026,44.747304055996864,62.55032500997367,0,63.32010500975177,5.4769945898813335,174.15068667279897
68.90094892367826,23.168041773816928,88.64193718909264,0,35.66737728281511,3.8986023627659465,149.97464972323507
27.518273722357772,31.314112585889564,100.49578716445127,1,10.068154482236771,1.49100962850903,49.221966187875495
90.64691493666606,41.133430562660344,53.75560767628576,1,44.587323065486835,3.299180379905317,197.78044925653964
23.395369368893856,30.3979133233179,54.4305185574771,0,60.14933128425516,4.219124755793793,51.914788510155546
79.8154845245917,26.420337025430978,65.70098014479188,1,83.97578677209872,7.056232792406554,172.7969987854792
23.517964669294585,36.84279119302122,30.62077186699396,0,47.653078536064776,1.8917803354714808,59.610949550235304
96.85108605390303,35.87090389948043,100.95253795137407,0,93.3902318519839,13.521769866857488,184.00778239232903
81.79303954097783,27.4063938329196,73.60067325791525,1,96.17862326780026,9.644938941154688,182.58757466450777
50.48533726664412,38.95183753551998,61.45845583783021,1,21.556474457629268,2.004219456568198,104.209516574715
17.12252653690115,29.987661881514107,108.87682416922799,1,39.607621693990005,5.551357133448726,43.280944400718944
27.12100457552369,33.91796564332913,55.540536419831746,1,36.95502762895243,2.996979152515007,52.621806170399424
17.73017926576423,23.334980879437236,84.90977862181147,1,85.61437891029439,9.389695457837279,34.548038566010085
84.93641601362428,33.50735606680916,47.837959040798566,1,62.937529823626086,4.425422451261255,193.80741439007377
41.7305140486534,40.72242779939695,78.27340627778267,1,29.98989383113404,3.2184963387281225,81.71002209073202
72.42598879480063,26.242009699512778,75.88676855630312,1,50.8411487093339,5.508093549295158,154.48286803890045
39.96249513546708,30.392589457123226,92.95654483832331,1,38.02533326273913,5.277149787825918,70.84503986956135
53.98141477214906,37.42483085177002,109.80385773449929,1,69.24220482884536,10.72539536411735,89.70735632996383
61.20042216180051,41.013396998729846,100.66946384247295,0,51.40187663778251,7.207884901033846,109.52228951369233
48.73920830266963,24.352731188330875,60.252129063396886,0,18.400680951768223,1.3950856975010204,123.91561018098875
87.63803936000544,37.1463623100373,31.430278722785445,1,81.38216500431744,3.8756738951504786,202.13842123362156
36.457609357377244,34.41289476221594,107.10742812750877,0,97.28317561782139,12.541557233221535,62.18383108762518
91.60404195311209,23.152567399685232,61.43670453093458,1,38.52019124548251,3.2145096362294874,215.0076636975777
43.82130262095099,31.300714336617133,38.15746951703388,1,50.72123429860359,2.6399788777691926,108.08262431002211
51.03147891974485,32.73028963115107,105.60404427156828,1,87.19312705510754,13.02649351267173,94.04906803018959
54.42591915075444,39.0265095991869,71.96684632588195,0,86.78839584497612,9.096142084595101,115.350146092089
25.39454130035096,41.21469142577195,63.1254895552354,0,16.669797991424897,1.3455903301706749,58.998977980866655
30.99248881279976,42.20022115006595,94.67059449915595,0,47.146336427330475,5.758835142263835,48.13161060188688
39.366036118016474,39.5372560814643,42.12703295218556,0,95.05404790606688,5.582885182723205,93.69372829186129
57.638533758463005,20.582176986064546,58.43678815073109,0,65.75761350584456,4.972615425819228,129.3201009016552
50.20704711589469,21.11391579044133,92.75532336565833,1,55.19345164236742,7.52884094831416,95.63127577205482
83.99565580627089,38.97280622217574,51.26395375429381,1,17.419800248495747,1.243883731774784,167.96745067516997
70.77937918474856,29.626030946010292,96.9178553332777,0,10.204788457866808,1.2922248926591968,145.2615892417487
94.7090063184761,23.212599462530243,37.01871418101591,0,90.83813385124178,3.892963018318199,265.2981781070874
32.55361901903164,44.245519631026006,32.00032902804737,1,93.23638189979006,4.432931925917905,80.90273815296024
39.93526679948894,40.47825553902503,35.602769890542504,1,9.742636138021014,0.4792030489331253,86.50870288829886
21.066196180597306,39.01395288799807,68.84529618267433,1,47.75270864177529,4.939122832852012,39.05232644787343
27.332602964326753,37.47943578653932,31.799386370843237,0,63.30265727615166,2.78421306911559,69.14499989623856
55.944486231048984,30.016446210948832,108.89442492869561,1,52.94103157761035,8.451198696498869,102.65187647213094
72.66060763154667,27.154656167103347,50.17138085317218,0,60.13972574911397,3.383604317767979,174.8998292947738
29.87473044379964,42.242343133188996,78.69500223062406,0,21.009456253657138,2.3055915439613015,56.25287766955752
60.77221531333007,42.295122152127554,103.10370075413032,1,79.26585658745107,12.064101468481276,105.40797521302522
63.81298232185241,40.82642353160534,85.04911010088443,0,7.705962002180794,0.9809174286245391,115.79509017587495
29.646506170283214,22.89617881493346,76.29744084721904,1,25.73560087107168,2.423830605890881,53.44535287230078
35.127832940670096,32.563240667541386,51.694222856896275,0,82.22595892151591,5.067775003644831,83.15757069041148
52.98784196784018,38.35010876499011,43.85747049495205,0,78.35448795670915,5.074358867761742,127.77748046693473
37.19580727681155,28.37142377497453,67.14131362287517,1,22.070843991873787,2.1719333839710466,72.92619996000555
98.67972671287237,33.923903246518385,82.88943418764197,1,65.42383373752915,8.343526514627662,201.4557892111932
99.72237047502243,29.38102831242287,77.92101096916898,1,6.509872348300342,0.6912689621846734,193.52303322533336
37.84183490450722,36.30149689986562,40.77273291075655,0,29.010553531103042,1.5202326582293137,98.95104674034856
25.291910350524333,41.61647784724729,69.4755423426191,1,6.784510978282274,0.7799110634198706,50.51551347218273
62.75730550885038,26.61180393842492,40.397634929505,0,24.839516942938463,1.1762728684887833,167.9416787206261
55.39433469514792,31.233782918238656,86.68633000519993,1,88.49865575296904,11.26648347626164,106.72483054128344
80.32888965479887,34.79145163809176,54.840220203958665,1,82.33493301003581,5.993856628892057,177.4616479471611
15.475503249958908,21.069581706181697,49.52507608343402,1,72.94604022552907,4.415125733934391,43.97545530224885
64.56352419361797,43.39678229911145,99.41152263295999,1,84.71655229508565,13.981525115488434,104.14556910923538
58.28584629274439,37.35686866089657,38.94402969871497,0,87.50811471511216,4.722963468112696,154.01123731048074
75.0681141349355,42.3257489521492,106.46893442997904,0,5.7932250638081175,0.8007229170018278,127.77998054811901
35.35654073846104,25.53053785455748,108.94372753439174,1,23.550966658480274,3.036944655461429,64.16756089633977
33.63758463536931,27.631340727511077,108.0235241144037,1,74.16992677493552,11.011864466580816,56.30255823079709
89.01888610592754,41.75263645860261,76.31492475256026,1,26.701448119798133,3.0358409636102994,166.01698047085992
77.2853509749917,34.68436000314522,65.96692792894228,1,26.37883790919894,2.462132342494335,163.16796213090547
26.26948531540023,29.876908134704816,44.170836383440204,1,31.392851997011157,1.9477719342704416,63.60293863218064
59.829194409454956,24.009603346091783,87.23655642878532,0,15.00671995327161,1.7342207193337644,135.64701991064948
94.97340157104928,24.84819550701701,42.93378684429692,1,82.56311628205303,4.345148018245722,244.8174897637299
63.48892279946818,22.310572922626754,64.41486934228104,0,46.45336345884311,3.9011146583948006,147.9979184046591
84.5227432139665,27.26204014022359,57.17716350688675,0,28.11766893156169,2.1218093218454808,212.41028290366285
54.25355539166769,44.97726919493277,97.12731989216843,1,14.506143798820665,2.229632367969766,85.84274609917155
81.16362722002299,22.33320300674566,43.81259208780718,1,63.51354067323353,3.654182152519295,202.9363967288922
45.717521983071116,35.65148828607073,32.44546938781039,1,34.85294444745297,1.775223431334661,97.28702552364207
39.47470859457028,42.23261809570546,100.45988616593516,1,90.72287536062072,14.651048010170422,72.31226226853553
82.39756030841505,26.825299888500794,80.1159494582489,0,6.408865431012248,0.6661748684486155,174.5938151940856
94.76927451559685,39.73251122770375,40.415556789629335,1,79.63368663177116,5.002493634439705,216.17427428028225
53.62482885892443,31.854004362953134,67.42901898886258,1,83.43282388822142,8.471315562451627,117.1398887547832
83.26555412521829,30.666849515395118,80.79313882496513,0,16.37785853153407,1.74495443786067,179.19200245249203
25.104043975846682,41.241584440897626,106.67602851619665,1,33.29825149466537,5.415865928933197,39.87514317134998
48.82636857014039,36.86684980057905,34.45109274629622,1,11.11075123716214,0.5877682552876679,113.81935564317017
55.85276235741473,34.017793478782956,95.4301310310472,0,11.179365985028358,1.5282180889752746,101.64887560971451
72.89966678735792,30.436401777343537,86.13848326046279,0,99.57706715238399,11.352759082704193,152.15822633255402
50.25497051892693,41.41429755898339,87.74913919160004,0,92.36232484503648,12.261632167980556,94.2581130275807
99.08065397111815,41.85141407847447,109.82275102560519,1,28.07419247935496,4.888032796914373,152.99577854265561
30.02814164944547,22.56000874490003,88.98522190504777,0,5.39207969408737,0.5333248926958039,70.17401171491211
54.599061239191315,25.96786709837659,85.18730267487715,0,82.48039832235239,8.829958842669257,110.45836318230897
80.59151975317968,32.94767901600715,86.3508862813901,1,51.01257571585186,5.65827880392274,148.45552065807416
25.95967096068446,25.990245800705132,98.76221641979919,1,40.15551342438521,4.851571045098658,48.78332519531633
26.57159742979346,23.909340313332674,84.71071787570162,0,9.682739907261421,1.0336906845951752,55.42742332698393
85.73919159783198,41.15871949666058,84.27708392617285,1,71.97218171168456,8.875830864081035,154.44371945497346
91.33999460630271,39.82680083308644,73.7212836013784,1,14.503008751379603,1.5140142768493074,167.59746287310125
78.90291028409023,22.374666124432803,55.661153121736014,0,40.42268141468175,2.9601212675544017,186.4826486883182
17.40757039149735,37.38197253418526,94.60020200910583,1,18.473738725329113,2.292726817156222,23.949750797932108
60.23338622371103,22.678917423173086,61.33822109049426,1,96.94102344058572,8.238262768182208,133.93130561515196
17.898134317527973,37.12009239114641,97.01910076142111,1,8.589501072163396,1.3265893488577376,31.144407362612117
15.394781062224045,41.841716391283285,54.586014479019966,1,11.71374164603503,0.9761673580826078,32.90515377973134
76.19908463778157,22.124245935806233,38.520930962544114,0,45.73138379242866,2.3355786755060084,209.75487415416447
53.161212185650186,44.48120696754963,106.78675051191014,1,83.00849869223497,12.970438613542695,82.36381898398977
32.4538897438198,26.606098420305308,102.79640506180874,1,11.727396631647629,1.5557858291892495,64.36951606184665
64.0383817809697,41.372923963994275,107.93940204173892,0,53.46316148148818,8.329001440359315,111.6365423419417
74.15051040267836,26.314877327978337,106.61632856051898,1,76.91612743599923,10.86213705944254,137.2323551433394
89.53206080309951,33.58859786623605,49.0609930671944,0,76.48199061256504,4.60473834249406,220.14637117923775
53.9370286224371,39.80724883327255,31.930622295404287,1,14.075939725442531,0.654836165741135,119.8044896469013
98.57552210015389,40.21150723692871,42.79526418935429,0,65.88709359118717,3.916356050226267,234.43378924694903
58.32810825362275,30.08973676912869,62.34997596566562,1,16.76865370307838,1.442319170762718,129.60180720553814
95.94561769109407,39.824841284812784,76.29605181537939,0,23.01157156678581,2.192628904801867,189.1405115280065
62.72959089571733,35.923940450519986,107.79876498209273,0,44.43242225574091,5.928144617862054,123.4926154600311
96.41464252412702,30.10781078049397,100.02632661103264,1,67.88521071558986,9.141047023226559,177.74149455944686
64.83028712254102,33.84441406498121,57.73123455705543,1,12.061432873590116,0.9407797452601798,139.60199601724878
68.33231565298283,34.15464960793438,78.97198572907122,1,75.81797928316693,8.697500127108915,129.34081408518696
77.94410986751873,41.55758090065997,57.62195955348574,0,87.93838214498298,7.431488761690579,174.63271401527493
71.04892179195657,30.171602688482494,50.95804514228141,0,15.722594676448102,0.9972484305029743,170.82098779656255
87.2224011290956,30.94039071845875,107.45824407693948,1,15.549982215920387,2.396439350202638,160.47875843056784
37.73850787507866,40.50148414365634,109.64869692115408,0,37.81491901679587,6.037638062905876,71.99415824587736
89.59930408496088,27.49323711802312,95.87606465516588,0,97.52435543945943,11.103407399845526,185.33450718223884
93.4672304559329,26.73392295451235,109.12595723789637,0,24.655775010836045,3.4789030194263284,178.89356631476892
34.735706594974815,41.96875347086234,96.85937961797221,0,77.4712704001553,10.759990834282439,68.39150436327984
23.719687628136768,41.305913124397776,78.10941015920531,1,47.957355109360954,5.956358302184671,42.304977020748176
28.280749711412923,43.938180695271164,92.29905255401313,0,28.908121329319723,3.7545409329157446,44.3409244145846
56.43244026958201,23.45069022344742,83.87132632926647,0,25.447109550044605,2.5092850774908366,132.267161800713
86.27546715056761,34.593306254003124,62.24283911477482,0,56.98755564853194,4.414014826841841,195.24536915648935
44.224911756993954,35.35077996121627,98.8684022434759,0,47.42693362811955,5.931970676845607,90.44668551011979
86.18914180600576,24.589081123683172,63.97151770472397,1,62.525281114670854,5.189243771126791,187.16598984079928
23.991207085995693,26.948050269233978,101.2251564970921,0,62.36549969222079,7.626405059220484,54.664256251795706
20.015283389923525,42.65279378616644,45.11400534712997,1,94.41961109687654,6.610369733076292,44.76428426838085
41.45135777012201,31.241996272128933,94.45478311015138,0,50.55540250852244,6.604276278507804,83.80586586007001
29.928106412951244,36.46556272407736,108.03506318828565,0,6.196298203412004,0.9667181184581989,57.13807739993229
64.41383343924538,28.795672427170288,48.60757095710803,0,30.15288150575166,1.8698503038839072,169.70404234853035
56.79556874665612,23.193569088567227,30.397798825787934,1,14.64958170236123,0.5673832371142901,150.66524029442454
21.398140485306328,21.83401898792299,45.6671393515387,1,36.930306476008596,2.2004317819051225,40.8625303226406
36.845479695313564,41.25527454004969,58.44348050053965,0,97.83283521757974,7.356467916533383,68.83831528842893
33.030658891364894,31.82736345248437,107.48910522767436,1,63.81897792467305,9.553537839600695,54.24570029406043
89.79196183116235,32.767832173625784,36.583483281438085,0,24.894882596026683,1.2885133863416183,236.40061174341338
71.76811889037283,39.46382563796355,92.09115229532176,0,5.7416359764445755,0.754411963803551,139.64011105716207
96.32184837272935,27.486667823689626,109.21903072698547,0,44.0490437149884,6.228436258779444,181.25795629560324
23.47985534324135,39.42078423620721,59.71335295945857,0,21.017347831341525,1.8235922244962772,55.86766454556578
29.247867514209112,40.943936133758484,106.85920876690001,0,36.322656664349346,5.282315486735984,61.11328370766772
77.96879600228326,35.036777522030185,83.73143371639561,0,66.4109049092403,6.925473489055272,163.3612016770572
98.7882996708525,25.347393409369793,77.83079490900792,1,32.782318794752605,3.0403915860091386,216.6473228951976
15.971777517137344,30.686263331062136,62.82700754686167,0,89.47762306504843,6.715765373651156,23.238023062779174
96.12099232187789,25.14312068824166,54.934660547676906,1,37.72767623853386,2.757484138943103,226.8876888129188
92.38494261413987,26.84976501181475,70.40933747765395,0,45.17266099436308,4.019056646398977,212.6866318281659
16.053007361819244,29.98488370108877,66.83414578932812,0,97.1554492036166,8.068642834192183,25.93685626767057
97.39471722568514,23.50808799419565,76.98934235659888,1,11.482579894788875,1.109918356860412,214.06005864093143
70.6437222029531,21.22645918521608,38.28830956556416,0,88.82767080280456,4.622017567270201,193.14888940645977
44.12089555354015,22.639391055486584,45.06774986315601,0,70.81424311069264,3.6849360549244112,115.75343148393677
86.89868702741099,43.63415931573468,99.17711703002418,1,82.14316283746942,11.663610958854361,143.70051216622844
82.14560293019827,21.605881201435523,45.5243104196484,0,91.3040338547374,4.874364457550529,216.29385725058506
57.22002102422481,29.839445503643947,68.65989552356996,1,18.802712636749252,1.7414067979614856,121.64279566578676
80.86036016564282,28.43323827758537,80.64854581741854,0,12.393229140530764,1.2399234047192775,179.59360967734878
50.750198803336005,39.12505809979308,106.35683420309067,0,42.677835936762754,6.054653883526174,89.20626569490155
39.208031811211825,42.79385830003692,90.07427148133777,1,87.1192341513582,12.442674042057968,65.57933335149043
37.078829568718945,33.78725738378342,66.13860679008333,1,76.79244263677731,7.0910239308653225,77.76089377058886
96.47388337522149,26.520210679819407,84.61950717016329,0,16.395839736078234,1.770622361342319,211.13316515178303
64.7661832795332,38.427192262608806,30.297288021758717,1,26.890087322362035,1.2559982471871043,149.19818514698295
59.88496586083059,30.28068406579151,51.503767693358206,1,23.029743856284757,1.5170326093529358,146.05356379021424
25.233997167909475,23.069747547605584,75.22421531683604,1,25.32636442987556,2.7543431418298994,57.07825041489669
27.136712261862996,22.528129704541456,38.97692313978183,1,72.92518704528038,3.9186564111743456,77.28792096056306
94.53351209154819,36.64184340573228,51.207312154195996,1,84.06144914791598,6.1768160016080005,206.69538951973874
65.45658021417924,26.683617803971334,81.67332211244113,1,22.932055403739874,2.252481620838598,133.6850600439572
42.05527779583353,29.20053673598064,60.047109920793915,1,22.24227468572991,1.7114426045339324,93.18844350964878
85.79216853527262,35.36025023292915,103.05964955906529,0,63.54799770942453,8.075121074992724,167.4335006489631
18.614593849122873,30.493674372955148,66.88391737750683,1,79.26361526885617,6.545678678273265,40.99585681331545
84.43314084598691,27.5131689309624,41.973877166688084,1,13.155016373955316,0.7673258321190874,214.59475596819394
51.727115592425776,34.869405369770874,57.89598473113482,0,57.37640222076862,4.471977181947064,121.96978655040378
74.96772615636667,37.0053342733417,53.386664902670596,1,69.38724696445377,5.426719361114796,153.15018279417285
19.881991506570223,31.37275362169607,93.63639284976655,0,86.04558196991844,9.708092765306008,30.50550160518615
20.50563695964215,38.470685933779485,46.9222900690731,0,53.14442125031984,3.626383683363527,39.36369328124082
58.879635800437704,37.49265889374797,37.517103632830626,1,12.046399877067627,0.7237521461696668,139.76883833407933
70.72548585581133,33.55241272995797,91.23988003242397,1,73.20805573193655,9.04178855282041,136.63189354221137
74.95975428774612,43.425242487803594,47.987085977437964,0,95.87214632927461,6.147575193235293,161.65906629416506
88.43634738977696,28.033807645380634,109.16518465902455,0,33.21451465824456,4.3578885869977775,178.0189446631059
44.0453234060694,31.61297162029297,101.69816458464867,1,6.536106295679376,0.9352708853929558,81.20414288266095
16.075915421153788,20.030090347725448,79.28788497194837,0,36.432355219344174,3.969511082364149,38.752095658197845
49.31273901985371,29.905503612044523,45.47028879032442,1,73.50790609190913,4.3218199838804345,107.46537007705925
22.58622888910964,21.967091423547444,64.0921238760579,1,64.46052212777926,5.291917291017029,56.40144331647568
41.04238813958462,31.75050523931742,31.570581711012267,0,51.21045432747682,1.919646470257658,109.28813012049432
39.59943610987508,36.56074933553379,79.04975789932479,1,65.32401785166277,7.5873348084798025,71.85864726749037
79.25382432476516,29.562543267143358,62.89287726770793,0,90.7084412463542,6.9946536898040845,191.71821446895802
81.22385592378497,38.11973252988589,34.7620957497458,0,17.432034964620975,0.8488165132507692,202.31521982206712
41.42752245328516,32.59331863270585,42.94186851077626,0,8.316056611945381,0.46490785202481066,119.98653592988181
47.96683347329699,22.526912309293568,94.15363138047861,0,41.2245107954474,5.099342184983552,107.80625440914304
60.37044510672205,36.67462153673865,48.69525723544762,0,65.6764140139014,4.1895058962288845,148.05710339396816
51.18973726907594,21.88303580418512,32.51657561968209,1,50.00009973832029,2.2923862186464636,135.00947862802605
54.758565839013926,34.3937409800962,60.80122970844937,1,82.9641614231017,7.081702440703413,121.06528113477331
66.30978458300896,42.38800300952065,99.2986898287138,1,19.439293337244344,2.7452907147381507,111.5232778388929
75.02039367180785,44.65907254242203,71.7618734131479,0,17.860966621054608,1.7137140667409552,146.11486472685374
68.58584859435847,38.385350637675074,98.77151284523168,1,73.68219982208261,10.522544711870855,130.55413620779092
21.70216759850316,27.172588722802555,55.762576478038966,1,11.098571169792361,0.8257162387808008,47.57062011824661
76.09706795970219,25.383263188218287,87.75276591938433,0,32.01037026293769,3.5290084884557347,169.29854490552995
38.18992685481719,23.959325513230006,34.16302701556483,0,44.04887415458809,1.7025818721078096,108.01887412539364
32.34620996415359,37.33487506495944,103.36364721235809,1,11.604546324053569,1.5883119135781905,56.17507369548257
93.5584247907014,32.63138475627276,49.78757369146752,1,30.29168720015948,2.1471813565464455,212.4427887473507
71.85650897758251,36.37561741012725,65.66797073589741,1,15.212370525395762,1.54641714722356,145.12794167385704
33.565965936360065,35.073690767265106,74.68587373666128,0,9.907906703754021,0.9455503650023035,65.07455606771678
79.0219746627095,27.358704162884454,91.06464617441038,0,20.868815543901746,2.2048639552146843,167.28890923230523
90.45528469894633,26.311187990246488,59.90027363383626,1,65.76358958104589,4.833873711468049,201.52125506548398
73.0343386023492,30.680075682045864,77.32230378842983,1,98.7948283100128,10.5878518168922,144.29697105458163
36.30575830353341,23.49351648910886,61.21365722173785,1,18.01168676188301,1.4470346537988739,84.10584349039094
37.00554306749288,38.863082685639114,87.730370880376,1,80.23667423663727,10.891863124362272,63.236555329500575
66.84096804189045,30.168102599352462,55.32225201583758,0,67.87960269658552,4.78699321801838,162.34133758147925
25.37726084035478,22.81744651095813,35.78484598182332,0,54.88106766811608,2.2074726494467076,72.03437682746363
29.658176353710818,20.518533570155018,32.52648097171365,0,92.98794753674775,4.028353628581344,87.1793190341204
85.4257789537992,34.24269626424833,54.48473585729407,0,42.17697345528007,3.0483960228168168,201.11872598000494
94.12171192307153,34.25317437072286,88.73200451650837,0,92.70172270335134,11.319171112464232,189.59404949469348
71.64626220265761,34.56803689959447,69.03583274056518,1,39.872120320778286,3.9440692900148906,140.5492767867991
42.33500245904416,20.48587887955755,38.85645510452087,0,18.021454541342568,0.8208313551745111,112.7881898571171
19.624860858765125,36.41642391557113,96.96062366424938,1,68.63416718754742,9.930905536616038,23.364217480767707
77.06659762373216,27.46615033966854,73.43217051820955,1,77.35911601244744,7.612634272630329,164.79668166562547
68.34858016665197,43.38125785985832,53.92514476870745,1,83.18315940485759,7.001181886472187,143.48819106638524
44.14817098353975,24.840835634505343,45.87242911951232,1,92.82085871950491,5.817014704128566,111.4576410928929
55.915245729167445,37.001525707670915,101.78261377084175,1,5.011271266530751,0.6690481436156043,104.21352951455378
74.07834700227933,30.752956840192265,85.28588852836558,1,32.80882159477833,3.585231286477076,140.20552834455486
82.28378225905237,43.885354118652415,63.09158038763186,0,76.24909105346183,6.55488766549879,163.01801866554717
35.75738022097565,30.76763329246013,67.86767047420946,1,10.018341225992987,0.9911060898268012,68.34100276351782
85.12048900414739,25.926932188905365,55.89302248286402,1,49.92683423074316,3.8328533926291053,194.95662027078146
48.711520654832654,32.6809874554216,109.66764813730182,0,80.26381651558174,12.423818082281699,92.6235455636441
51.292126938903635,32.81709883624857,41.74785352587409,0,25.28225242154461,1.308623661059642,125.95273777633875
82.41951969949353,35.01139218187863,38.03209147004809,1,21.486007365693933,1.135539325421897,191.45761889999716
50.48943851914008,27.514778069522958,82.52975595785033,0,70.37048792881191,7.801339655249026,118.61441819528545
35.38399199835491,42.29669959377703,107.69395241119666,0,47.72409429075928,6.913801537418593,48.02661668748587
95.16886586753468,42.10175273539328,36.71220334625584,1,51.732059876475795,3.056628083787495,207.54675585556743
44.44836112416014,28.47692120967216,75.2505754234343,0,64.32921145961298,5.972554245602705,101.96176349016628
33.48617007835313,28.356159353928284,106.78747413908148,0,79.20610038985633,9.734567888403193,64.72336533754752
77.04246167235091,33.281700124020894,96.2884906919027,0,72.70821028106221,9.791896934190547,157.01690057111944
46.54980025857461,21.883872405722293,106.66788669047537,0,57.58808541453975,8.220190443483691,84.95607949701838
40.168042437636544,32.5394662476614,99.32865831433271,0,51.41331025555995,6.0813643809289575,83.31202800923892
22.135891227481626,28.48912113908822,54.86769244139146,1,18.379200469286445,1.2442856856131037,40.59260779821602
75.7836137948097,32.175384792506826,64.02676767523621,1,51.91089509299588,4.9618958583976855,167.68018026261072
90.419735151073,20.274147901411183,100.90365958011198,0,86.765440804529,10.224851461675708,179.35132105295725
91.45127988477698,39.77051642036443,76.55900167602869,1,89.56001997705688,10.306313950042114,173.43681892162599
97.25000288228874,44.90367077333346,39.32356879989061,1,28.17359356197054,1.838273139793879,211.1783438906448
95.06664144284423,37.03139075467187,81.64832902757018,0,45.50704000309538,5.434183670907418,181.02489281320572
51.42792621348427,28.95919080830996,65.24293184987026,1,16.903585158580373,1.433860069431029,116.71327285909521
82.24470004712236,33.83334181056926,35.90963343259741,1,73.18361420063168,3.749771616651692,198.44695564570935
19.81227271645149,24.247071879020623,52.82381767121826,1,72.01610609125328,5.262454630060825,41.952551375143514
24.391124705611585,40.737266825122724,85.64035488124227,0,89.02477478967512,9.710644953256514,50.15904425414993
52.77250079559052,41.235556736372246,79.26751155369887,1,47.15513635406061,5.203472498816177,98.05554176463842
63.42614955534628,33.34354951944162,66.194759609404,0,7.624826801799434,0.6987035194232428,139.14562004590425
31.95432838080942,21.519231709906023,48.971845858920176,1,58.9373164207026,4.235440636742533,77.08885252030798
76.2066436576302,24.021337453732148,80.61275007436318,1,20.998755155952846,2.316250381834061,154.48525621895226
30.61780869660637,32.78716923022084,37.46080961446654,1,85.8087298100908,4.110176965548542,77.4493749518086
25.04322174527862,27.766712647798666,92.27364892285631,1,54.248716749784705,6.100148528920456,47.52597458423246
24.373521903508184,29.587725612318476,105.21873542983116,1,8.218169118641255,1.2868966333532488,57.797961733462586
67.35190236165899,39.74171156951257,94.95903752367343,1,5.958588477078744,0.87323844496383,113.18286693420323
98.34592584266511,44.14064307093981,42.87496089619347,1,74.84247463737574,4.673105406914682,206.65795843650284
18.07297614600958,28.035531945291766,91.08409872475082,0,56.30624295199632,6.232424031948807,43.83396781227458
98.06054706057466,34.5530342704959,99.34988662393431,0,58.19609574346757,7.800669435630018,186.4543610402524
36.706078254225496,42.11044937111594,39.00436058924126,0,33.96879058127778,1.8098486505738873,79.38933975597898
50.745703655854506,22.471658461400366,33.388954556222565,0,76.51532751356667,3.0588147841914535,140.01459493906034
61.51591357852442,33.582186892837186,108.06816634748711,1,84.76432710684827,12.6998608303428,115.35274332376285
69.80093121425315,24.426773047898493,74.8417747916072,1,67.5788117516036,6.131623376422372,150.64909433416602
42.988276326907446,23.50806937408987,59.69537889167952,1,31.084406089561682,2.2125129495669964,102.08545938686284
84.77253089904639,26.8932409245189,93.72388432371989,0,19.628859076358395,2.342761416254268,178.3488755597783
47.433953119435444,32.667203820206424,51.499755623181464,1,86.92613652980603,5.848149337133001,106.85651589430505
61.26012439688548,43.76375929859391,80.03181039043301,1,30.68974898821315,3.9261669080652033,105.23359134888271
31.258713971236283,41.40750484242863,100.61190110556032,1,26.58316905231053,3.6347977451270186,45.61487165277162
44.149484846119954,44.221483386694715,85.59739684846774,0,31.066332148721287,3.6164635477538565,81.1384589900529
79.19091831110214,25.363505530082165,108.19111545665926,0,48.85762217233446,5.99037646664839,161.59251839035534
40.62111750287747,25.021768392291442,91.9408454745961,1,58.72822787851388,7.469091596865385,80.94944335836536
22.460412920252335,31.981902007347205,88.29685480718229,1,36.436315392412475,4.498484599566118,40.92994316854952
96.49808111200207,25.1504351072844,82.38650867152029,1,70.77193566642372,8.19062103565095,190.21479854544302
29.513707008798452,41.66967216224394,61.539709987247555,1,24.2354635934311,2.331009577538926,58.25955090877339
30.510488143434493,35.33643566578143,62.956774391663906,0,72.47592061407872,6.256349158759112,73.74418354625746
35.04606441148904,31.53176332880679,67.80245082487207,1,41.293308889070744,3.5498242417374026,70.7749989479825
24.543184457957317,38.16851413073299,105.54657885986333,0,40.35775522146933,5.984549521538985,41.6311680341562
22.04798926058754,22.55430807588952,67.61843095989721,1,16.82739533545504,1.6360606187859152,39.23811668942829
26.92271314402936,33.44121159969198,77.44847640897316,0,24.53246730871767,2.4943444818832807,58.15065933021879
92.1768310742893,21.462530821865897,77.06510763931774,1,55.551386719447116,5.668983789454653,197.53798790860012
47.923340772818854,41.0422942024251,47.5494452052216,1,41.812250964051636,3.0658064331712716,104.33046327128505
30.880932494425647,28.78195931127854,75.82041866278838,1,22.778777988911486,2.324909807824967,64.36715755464974
87.17661407369538,25.891058299992174,104.81296085974225,1,98.7162714533205,13.342333884649724,159.90945380337556
48.73873385302418,40.5385095549154,36.481191426501134,1,99.61914983988,5.450691020032856,102.84866005365599
44.34234263838166,24.647542788906676,30.383985985389657,0,14.457063658343795,0.5084930932268706,120.71342736094846
61.05894515951793,25.493982851567907,82.00804421204431,1,86.2569323787199,9.535598268202987,127.32934531519419
29.469807757258096,24.744088953650273,104.1200495235377,1,51.20326093540206,6.524926312052438,60.14071262917164
35.308949451617984,22.964335826023763,99.66660970282801,0,46.68241096190482,5.393882043746122,77.9795479061061
50.00839455784839,37.902297945787836,38.75443238687835,0,85.75378622435339,4.595474342900937,125.43853815172454
32.634032125789666,30.825123252812002,81.72857894714346,0,70.89530986912658,8.057191464793384,66.35935869456827
96.79363511295938,25.873229825728583,38.026484256965496,1,37.154056367973894,1.809582368595458,244.28216213329253
68.77663157456398,23.02820067494383,51.81044070940044,0,74.23924397661882,4.6514531776176655,165.88172659242622
43.78437404834981,27.33696443397536,46.91762560397972,1,84.42066497362325,4.77713546464827,105.19503291194502
31.543892784417764,24.604913241580906,53.02556907009205,1,96.07628542971285,5.994124478722485,72.93010256083122
77.78547529999209,43.9696660985102,98.98173834823514,1,65.97794533556646,11.014443025408479,126.45771638328954
87.2663540165966,43.307642068621995,78.09888463671241,1,45.027282578049594,5.773617278177799,151.8773130712815
80.58174449946445,21.616638596264266,79.69002392726632,0,80.06575251344022,8.393907652190043,186.07537414844398
52.79314540523114,43.62340113413491,95.90484175042808,0,5.126695751625242,0.6752326792844815,97.09122348521896
33.694416675599406,44.28046974901955,88.17938556559832,1,34.750308571907006,4.803379263049767,64.38732082103245
90.0166917294696,25.865556675157052,50.989566823117976,1,56.39787746096709,4.080402897034604,221.46084942357942
94.21172817575128,32.81808002683881,54.46075897148035,1,76.00885233076663,5.339199916501199,206.29473728165834
51.84009173363493,23.15290176861583,64.9836813733512,1,58.80711845995425,5.227286496139975,114.10527935260228
43.81742672823233,34.28528482610586,65.7903858110454,1,36.26631960127263,3.4276287716443354,94.02342715281355
85.74225050716089,31.482962627465803,84.3605859942706,0,53.43979469443282,6.178822445979083,174.16411506826185
50.416957072541486,38.596632022204275,98.5099278571842,0,92.51857409113099,11.942158416553468,90.56386776116454
19.70406987678849,40.2467904760332,108.73403880920618,1,46.447489132900955,7.603572186949393,25.148859174124368
31.794689795407052,30.76791554020026,70.13623873410792,1,47.47084777637824,4.960013028170982,68.32150046421981
34.61531314833012,39.77574692529378,77.30865138610825,1,29.454066868687015,3.3067894429950435,60.439877953745444
45.27419205172766,29.308445459634527,55.46212368955843,0,66.94785487357562,4.868454082857107,115.88629905728226
81.79868282000022,33.89677740991263,98.5677751647886,1,58.880631898107715,8.84500473450957,158.74247943469535
97.44367375310519,35.86132849389008,91.12444718819506,1,55.33919982811794,7.474667832025207,177.1431560043943
45.64972301000097,41.811390781282704,100.13436149666609,1,64.55704653482009,9.147807061708393,71.7889095075936
20.425212950325655,28.258942217476527,48.49122736078782,0,94.1126720996244,5.908175023424074,59.91267166705556
46.52567654026613,38.261667528609266,62.854099862616025,0,67.58929653408963,5.618557486201375,102.75002303367872
54.98674105137551,26.663753011357173,57.58990269545678,0,77.9324548979634,5.908531180105729,138.9721685225361
69.16878386046244,39.6925470674737,85.98152347851507,0,92.14379881908481,10.815590083926047,133.46625269458264
21.601598251160052,43.99317095097403,100.319384620692,0,34.66227943956788,4.751807358091625,33.441462900442765
75.74753402866078,29.59900315793446,91.6718723455042,1,78.56786101663928,9.29982075915215,150.4476876581618
42.93033385738466,22.697642930574403,104.8061292784375,0,31.214694004201398,3.9527769798521595,84.0949384823625
56.78997375947531,27.381176362822977,91.52749385571867,0,40.92632237302847,4.830125780131099,114.27638060366463
92.5961583260299,38.87329332680596,48.170109247349245,1,64.45923121139599,4.873641004266259,206.46649864892748
70.04451626303316,20.090323313355967,50.29554360708096,0,21.337188175136582,1.3295932591136086,173.96670421829674
85.79166289368118,20.480792586419003,38.97610934125143,1,32.74432801930193,1.7615492155247474,206.72790467781198
44.492201428081124,25.209630081411294,65.64965536799457,1,27.32011346917231,2.302520623669749,105.88115697381319
28.21344483329887,34.89853989326761,50.04355394170561,0,41.764910629159345,2.7583150380474835,68.61068909941521
63.64276205347812,24.80269097998556,93.47532730977059,0,5.769589456495632,0.663590571105342,135.94417587128822
22.966613615075897,39.52332949476236,109.32061506228015,0,31.5463411797885,4.493959274545599,44.02779892194869
52.75466970526389,36.539114204335135,85.08665647830585,0,72.66364472518133,8.069942304992827,105.60546877741986
93.85724378155533,22.36142628171798,59.664335803587804,1,71.76546418271022,5.405379881266948,209.43130716412216
69.98890899335098,33.85738028771892,83.34690246090345,1,80.65284867056666,9.166167700905378,133.96963309907383
65.37598507026297,32.37380334262479,105.65903675218352,0,20.35291015655957,2.6082615922923935,119.6917851401135
94.7400581007197,44.15634268100224,107.90414826263991,1,44.077893643742534,6.967839074425181,149.98835702797408
25.980633013743706,41.43537116627002,74.66212195231327,1,16.614029287977527,2.0119486814076697,47.442916921013
99.24788983759589,30.558196977574884,40.492497917220696,0,33.76176020870555,1.7180770809108694,257.1026057198918
36.399547856363085,29.371306819920115,93.99576388679054,1,29.956275030205656,3.461931030325304,70.585805332593
90.36292525139328,37.932267036764266,40.50294968661114,0,86.63922135151803,4.3765985932120435,223.40904114251515
